point_id,footprint_id,id_bangunan,fungsi_bangunan,jumlah_lantai,tinggi_lantai,tinggi_total,luas_m2,metode_match,jarak_match_m
430,1,Blok B (SDI-B127-127),Rumah Tinggal,1,4.0,4.0,110.57,within,0.0
429,2,Blok B (SDI-B126-126),Rumah Tinggal,1,4.0,4.0,117.04,within,0.0
432,3,Blok B (SDI-B129-129),Rumah Tinggal,1,4.0,4.0,142.81,within,0.0
431,8,Blok B (SDI-B128-128),Rumah Tinggal,1,4.0,4.0,195.22,nearest,0.53
421,18,Blok B (SDI-B117-117),Rumah Tinggal,1,4.0,4.0,58.03,within,0.0
542,41,SDI-D01-001,Tempat Ibadah,1,4.0,4.0,67.41,nearest,14.46
397,153,Blok D (SDI-D141-141),Rumah Tinggal,2,4.0,8.0,256.89,nearest,0.78
387,154,Blok D (SDI-D134-134),Rumah Tinggal,1,4.0,4.0,213.16,within,0.0
389,155,Blok D (SDI-D135-135),Rumah Tinggal,1,4.0,4.0,166.09,within,0.0
382,156,Blok D (SDI-D131-131),Rumah Tinggal,1,4.0,4.0,90.39,nearest,3.24
538,166,Blok D (SDI-D133-133),Toko/Warung,1,4.0,4.0,54.21,within,0.0
375,167,Blok D (SDI-D127-127),Rumah Tinggal,1,4.0,4.0,134.76,within,0.0
371,169,Blok D (SDI-D124-124),Rumah Tinggal,1,4.0,4.0,180.02,within,0.0
367,170,Blok D (SDI-D120-120),Rumah Tinggal,1,4.0,4.0,124.46,within,0.0
543,171,SDI-D02-002,Tempat Ibadah,1,4.0,4.0,121.76,nearest,3.1
549,172,Blok D (SDI-D116-116),Tempat Ibadah,1,4.0,4.0,94.48,nearest,7.52
362,173,Blok D (SDI-D114-114),Rumah Tinggal,1,4.0,4.0,263.69,nearest,4.22
358,176,Blok D (SDI-D109-109),Rumah Tinggal,1,4.0,4.0,98.15,nearest,2.72
369,179,Blok D (SDI-D122-122),Rumah Tinggal,1,4.0,4.0,47.82,within,0.0
378,180,Blok D (SDI-D129-129),Rumah Tinggal,1,4.0,4.0,45.17,within,0.0
377,181,Blok D (SDI-D128-128),Rumah Tinggal,1,4.0,4.0,57.5,nearest,1.1
359,183,Blok D (SDI-D111-111),Rumah Tinggal,1,4.0,4.0,153.27,nearest,10.47
356,185,Blok D (SDI-D107-107),Rumah Tinggal,1,4.0,4.0,139.12,nearest,1.47
357,186,Blok D (SDI-D108-108),Rumah Tinggal,1,4.0,4.0,190.14,nearest,5.69
333,188,Blok D (SDI-D103-103),Rumah Tinggal,1,4.0,4.0,128.45,nearest,3.24
334,189,Blok D (SDI-D105-105),Rumah Tinggal,1,4.0,4.0,411.96,nearest,3.97
283,194,Blok D (SDI-D40-040),Rumah Tinggal,1,4.0,4.0,154.93,nearest,12.19
284,195,Blok D (SDI-D41-041),Rumah Tinggal,1,4.0,4.0,133.37,within,0.0
285,198,Blok D (SDI-D42-042),Rumah Tinggal,1,4.0,4.0,68.28,within,0.0
281,200,Blok D (SDI-D39-039),Rumah Tinggal,1,4.0,4.0,106.61,within,0.0
286,202,Blok D (SDI-D43-043),Rumah Tinggal,1,4.0,4.0,179.54,within,0.0
278,203,Blok D (SDI-D37-037),Rumah Tinggal,1,4.0,4.0,146.4,within,0.0
273,204,Blok D (SDI-D35-035),Rumah Tinggal,1,4.0,4.0,146.68,within,0.0
274,205,Blok D (SDI-D36-036),Rumah Tinggal,1,4.0,4.0,252.55,within,0.0
272,210,Blok D (SDI-D33-033),Rumah Tinggal,1,4.0,4.0,95.94,nearest,2.03
270,211,Blok D (SDI-D31-031),Rumah Tinggal,1,4.0,4.0,96.7,within,0.0
271,212,Blok D (SDI-D32-032),Rumah Tinggal,1,4.0,4.0,105.09,within,0.0
267,213,Blok D (SDI-D28-028),Rumah Tinggal,1,4.0,4.0,168.79,within,0.0
266,215,Blok D (SDI-D27-027),Rumah Tinggal,1,4.0,4.0,171.08,within,0.0
269,216,Blok D (SDI-D30-030),Rumah Tinggal,1,4.0,4.0,114.31,within,0.0
265,218,Blok D (SDI-D26-026),Rumah Tinggal,1,4.0,4.0,117.91,within,0.0
263,219,Blok D (SDI-D24-024),Rumah Tinggal,1,4.0,4.0,89.7,within,0.0
261,221,Blok D (SDI-D22-022),Rumah Tinggal,1,4.0,4.0,198.95,within,0.0
544,222,SDI-D03-003,Tempat Ibadah,1,4.0,4.0,103.84,nearest,4.66
259,223,Blok D (SDI-D19-019),Rumah Tinggal,1,4.0,4.0,31.84,nearest,3.25
258,224,Blok D (SDI-D18-018),Rumah Tinggal,1,4.0,4.0,156.18,nearest,0.83
548,225,Blok D (SDI-D21-021),Tempat Ibadah,1,4.0,4.0,342.65,within,0.0
255,226,Blok D (SDI-D15-015),Rumah Tinggal,1,4.0,4.0,247.47,within,0.0
254,227,Blok D (SDI-D14-014),Rumah Tinggal,1,4.0,4.0,128.93,within,0.0
253,228,Blok D (SDI-D13-013),Rumah Tinggal,1,4.0,4.0,92.72,within,0.0
256,229,Blok D (SDI-D16-016),Rumah Tinggal,1,4.0,4.0,98.99,nearest,1.82
252,232,Blok D (SDI-D12-012),Rumah Tinggal,1,4.0,4.0,275.07,within,0.0
251,233,Blok D (SDI-D11-011),Rumah Tinggal,1,4.0,4.0,101.82,nearest,1.13
332,241,Blok D (SDI-D102-102),Rumah Tinggal,1,4.0,4.0,218.79,nearest,10.27
331,242,Blok D (SDI-D101-101),Rumah Tinggal,1,4.0,4.0,36.8,within,0.0
321,255,Blok D (SDI-D91-091),Rumah Tinggal,1,4.0,4.0,71.75,nearest,4.31
315,258,Blok D (SDI-D83-083),Rumah Tinggal,1,4.0,4.0,18.87,nearest,3.88
307,260,BLOK D (SDI-D73-073),Rumah Tinggal,1,4.0,4.0,141.98,nearest,6.47
306,262,BLOK D (SDI-D72-072),Rumah Tinggal,1,4.0,4.0,38.97,nearest,1.46
303,265,BLOK D (SDI-D69-069),Rumah Tinggal,1,4.0,4.0,165.86,nearest,4.08
553,266,SDI-D09-009,Sekolah,1,4.0,4.0,87.33,nearest,7.81
293,267,SDI-D57-057,Rumah Tinggal,1,4.0,4.0,127.77,nearest,2.59
302,270,BLOK D (SDI-D67-067),Rumah Tinggal,1,4.0,4.0,86.45,nearest,1.16
555,272,BLOK D (SDI-D68-068),Sekolah,1,4.0,4.0,103.98,nearest,0.88
327,276,Blok D (SDI-D97-097),Rumah Tinggal,1,4.0,4.0,139.96,nearest,6.88
329,277,Blok D (SDI-D99-099),Rumah Tinggal,1,4.0,4.0,164.52,nearest,6.7
325,278,Blok D (SDI-D95-095),Rumah Tinggal,1,4.0,4.0,104.75,nearest,5.93
326,280,Blok D (SDI-D96-096),Rumah Tinggal,1,4.0,4.0,76.0,nearest,3.29
319,285,Blok D (SDI-D89-089),Rumah Tinggal,1,4.0,4.0,132.78,nearest,4.07
558,286,Blok D (SDI-D87-087),Gedung Sekretariat / Bangunan Komunitas,2,4.0,8.0,111.4,nearest,7.24
314,287,Blok D (SDI-D82-082),Rumah Tinggal,1,4.0,4.0,122.28,nearest,2.06
304,288,BLOK D (SDI-D70-070),Rumah Tinggal,1,4.0,4.0,88.51,nearest,8.3
537,294,SDI-D77-077,Toko/Warung,1,4.0,4.0,124.31,nearest,4.57
310,295,Blok D (SDI-D78-078),Rumah Tinggal,1,4.0,4.0,40.11,nearest,2.01
311,296,Blok D (SDI-D79-079),Rumah Tinggal,1,4.0,4.0,127.49,nearest,3.47
539,301,Blok D (SDI-D138-138),Toko/Warung,1,4.0,4.0,145.04,nearest,2.04
533,303,SDI-D49-049,Toko/Warung,1,4.0,4.0,47.2,within,0.0
524,309,SDI-D11-011,Toko/Warung,1,4.0,4.0,180.99,within,0.0
305,338,BLOK D (SDI-D71-071),Rumah Tinggal,1,4.0,4.0,108.88,nearest,2.0
294,341,SDI-D59-059,Rumah Tinggal,1,4.0,4.0,180.52,nearest,1.66
525,345,SDI-D12-012,Toko/Warung,1,4.0,4.0,2.91,nearest,1.98
277,346,SDI-D53-053,Rumah Tinggal,1,4.0,4.0,126.59,nearest,2.06
298,348,SDI-D63-063,Rumah Tinggal,1,4.0,4.0,215.38,nearest,7.15
312,349,Blok D (SDI-D80-080),Rumah Tinggal,1,4.0,4.0,96.12,nearest,2.19
300,351,SDI-D65-065,Rumah Tinggal,1,4.0,4.0,161.64,within,0.0
535,353,SDI-D51-051,Toko/Warung,1,4.0,4.0,97.62,nearest,2.44
297,361,SDI-D62-062,Rumah Tinggal,1,4.0,4.0,71.42,nearest,5.36
299,362,SDI-D64-064,Rumah Tinggal,1,4.0,4.0,156.8,within,0.0
301,363,SDI-D66-066,Rumah Tinggal,1,4.0,4.0,102.09,nearest,7.94
295,364,SDI-D60-060,Rumah Tinggal,1,4.0,4.0,199.33,nearest,6.06
276,368,SDI-D52-052,Rumah Tinggal,1,4.0,4.0,198.36,within,0.0
250,369,Blok D (SDI-D10-010),Rumah Tinggal,1,4.0,4.0,113.1,nearest,0.12
249,370,Blok D (SDI-D09-009),Rumah Tinggal,1,4.0,4.0,109.48,within,0.0
245,372,Blok D (SDI-D05-005),Rumah Tinggal,1,4.0,4.0,141.85,nearest,3.14
246,373,Blok D (SDI-D06-006),Rumah Tinggal,1,4.0,4.0,152.56,nearest,1.95
520,374,SDI-D05-005,Toko/Warung,1,4.0,4.0,260.63,nearest,0.42
248,378,Blok D (SDI-D08-008),Rumah Tinggal,1,4.0,4.0,120.72,within,0.0
247,379,Blok D (SDI-D07-007),Rumah Tinggal,1,4.0,4.0,105.52,within,0.0
287,381,Blok D (SDI-D44-044),Rumah Tinggal,1,4.0,4.0,196.16,nearest,0.74
244,388,Blok D (SDI-D04-004),Rumah Tinggal,1,4.0,4.0,68.97,nearest,0.89
288,391,Blok D (SDI-D45-045),Rumah Tinggal,2,4.0,8.0,53.75,within,0.0
243,392,Blok D (SDI-D03-003),Rumah Tinggal,1,4.0,4.0,110.57,within,0.0
242,393,Blok D (SDI-D02-002),Rumah Tinggal,1,4.0,4.0,245.38,within,0.0
241,395,Blok D (SDI-D01-001),Rumah Tinggal,1,4.0,4.0,175.21,within,0.0
289,398,Blok D (SDI-D46-046),Rumah Tinggal,1,4.0,4.0,164.19,nearest,3.23
291,399,Blok D (SDI-D48-048),Rumah Tinggal,1,4.0,4.0,206.71,within,0.0
552,406,SDI-D07-007,Sekolah,1,4.0,4.0,215.7,nearest,9.37
290,409,Blok D (SDI-D47-047),Rumah Tinggal,1,4.0,4.0,226.44,within,0.0
282,429,SDI-D55-055,Rumah Tinggal,1,4.0,4.0,105.14,nearest,3.56
420,498,Blok B (SDI-B116-116),Rumah Tinggal,1,4.0,4.0,77.81,within,0.0
556,501,SD1-B02-002,Fasilitas Kesehatan,1,4.0,4.0,97.03,nearest,3.43
124,502,SDI-B46-046,Rumah Tinggal,1,4.0,4.0,273.8,within,0.0
127,504,SDI-B49-049,Rumah Tinggal,1,4.0,4.0,246.37,within,0.0
130,508,SDI-B52-052,Rumah Tinggal,1,4.0,4.0,192.41,within,0.0
131,509,SDI-B53-053,Rumah Tinggal,1,4.0,4.0,129.37,within,0.0
132,510,SDI-B54-054,Rumah Tinggal,1,4.0,4.0,217.58,within,0.0
134,512,SDI-B56-056,Rumah Tinggal,1,4.0,4.0,100.14,within,0.0
137,514,SDI-B59-059,Rumah Tinggal,1,4.0,4.0,205.47,within,0.0
141,516,SDI-B63-063,Rumah Tinggal,1,4.0,4.0,114.37,within,0.0
139,519,SDI-B61-061,Rumah Tinggal,1,4.0,4.0,164.79,within,0.0
133,522,SDI-B55-055,Rumah Tinggal,1,4.0,4.0,117.16,nearest,0.89
521,523,SDI-B04–004,Toko/Warung,1,4.0,4.0,31.34,nearest,5.28
138,524,SDI-B60-060,Rumah Tinggal,1,4.0,4.0,93.71,nearest,3.08
140,529,SDI-B62-062,Rumah Tinggal,1,4.0,4.0,99.68,within,0.0
108,532,SDI-B25-025,Rumah Tinggal,1,4.0,4.0,162.58,within,0.0
109,539,SDI-B26-026,Rumah Tinggal,1,4.0,4.0,58.63,nearest,0.31
506,545,SDI-B42-042,Rumah Tinggal dan Warung,2,4.0,8.0,51.05,within,0.0
121,549,SDIB40-040,Rumah Tinggal,2,4.0,8.0,86.35,within,0.0
125,550,SDI-B47-047,Rumah Tinggal,1,4.0,4.0,124.43,within,0.0
122,551,SDI-B41-041,Rumah Tinggal,1,4.0,4.0,173.41,within,0.0
120,552,SDI-B39-039,Rumah Tinggal,1,4.0,4.0,124.49,within,0.0
526,554,SDI-B37-037,Toko/Warung,1,4.0,4.0,50.16,nearest,0.33
126,556,SDI-B48-048,Rumah Tinggal,1,4.0,4.0,186.49,within,0.0
119,560,SDI-B36-036,Rumah Tinggal,1,4.0,4.0,120.96,within,0.0
115,561,SDI-B32-032,Rumah Tinggal,1,4.0,4.0,164.25,within,0.0
514,562,SDI-B38-038,Penginapan,1,4.0,4.0,144.87,nearest,0.27
118,563,SDI-B38-038,Rumah Tinggal,1,4.0,4.0,348.15,nearest,0.35
117,564,SDI-B34-034,Rumah Tinggal,1,4.0,4.0,115.76,within,0.0
142,566,SDI-B64-064,Rumah Tinggal,1,4.0,4.0,236.78,within,0.0
144,567,SDI-B66-066,Rumah Tinggal,1,4.0,4.0,183.9,within,0.0
146,568,SDI-B68-068,Rumah Tinggal,1,4.0,4.0,166.33,within,0.0
143,569,SDI-B65-065,Rumah Tinggal,1,4.0,4.0,57.53,within,0.0
147,572,SDI-B69-069,Rumah Tinggal,1,4.0,4.0,420.26,within,0.0
114,578,SDI-B31-031,Rumah Tinggal,1,4.0,4.0,135.4,within,0.0
113,579,SDI-B30-030,Rumah Tinggal,1,4.0,4.0,122.38,within,0.0
112,580,SDI-B29-029,Rumah Tinggal,1,4.0,4.0,369.84,within,0.0
110,582,SDI-B27-027,Rumah Tinggal,1,4.0,4.0,212.87,within,0.0
107,583,SDI-B24-024,Rumah Tinggal,1,4.0,4.0,213.98,nearest,13.66
106,584,SDI-B22-022,Rumah Tinggal,1,4.0,4.0,209.18,within,0.0
151,593,SDI-B73-073,Rumah Tinggal,1,4.0,4.0,167.24,nearest,0.86
150,596,SDI-B72-072,Rumah Tinggal,1,4.0,4.0,148.45,within,0.0
153,604,SDI-B75-075,Rumah Tinggal,1,4.0,4.0,32.89,within,0.0
156,609,SDI-B78-078,Rumah Tinggal,1,4.0,4.0,197.47,within,0.0
157,610,SDI-B79-079,Rumah Tinggal,1,4.0,4.0,255.11,within,0.0
161,612,SDI-B83-083,Rumah Tinggal,1,4.0,4.0,171.66,within,0.0
164,614,SDI-B86-086,Rumah Tinggal,1,4.0,4.0,87.09,within,0.0
163,620,SDI-B85-085,Rumah Tinggal,1,4.0,4.0,247.77,within,0.0
101,624,SDI-B17-017,Rumah Tinggal,1,4.0,4.0,198.41,within,0.0
102,626,SDI-B18-018,Rumah Tinggal,1,4.0,4.0,93.65,within,0.0
103,627,SDI-B19-019,Rumah Tinggal,1,4.0,4.0,96.6,within,0.0
104,630,SDI-B20-020,Rumah Tinggal,1,4.0,4.0,102.92,within,0.0
105,631,SDI-B21-021,Rumah Tinggal,1,4.0,4.0,204.76,within,0.0
149,638,SDI-B71-071,Rumah Tinggal,1,4.0,4.0,156.56,within,0.0
447,643,Blok B (SDI-B142-142),Rumah Tinggal,1,4.0,4.0,121.19,within,0.0
152,644,SDI-B74-074,Rumah Tinggal,1,4.0,4.0,162.3,within,0.0
154,645,SDI-B76-076,Rumah Tinggal,1,4.0,4.0,183.29,within,0.0
158,647,SDI-B80-080,Rumah Tinggal,1,4.0,4.0,88.42,within,0.0
159,654,SDI-B81-081,Rumah Tinggal,1,4.0,4.0,43.48,within,0.0
84,662,SDI-B02-002,Rumah Tinggal,1,4.0,4.0,106.16,within,0.0
155,666,SDI-B77-077,Rumah Tinggal,1,4.0,4.0,162.41,within,0.0
166,680,SDI-B89-089,Rumah Tinggal,1,4.0,4.0,196.79,within,0.0
402,681,Blok B (SDI-B97-097),Rumah Tinggal,1,4.0,4.0,220.41,within,0.0
148,689,SDI-B70-070,Rumah Tinggal,1,4.0,4.0,204.32,within,0.0
496,698,Blok B (SDI-B178-178),Rumah Tinggal,1,4.0,4.0,122.6,nearest,4.07
198,702,Blok C (SDI-C68-068),Rumah Tinggal,1,4.0,4.0,103.98,nearest,8.4
491,705,Blok C (SDI-C148-148),Rumah Tinggal,1,4.0,4.0,196.39,nearest,6.81
205,707,Blok C (SDI-C75-075),Rumah Tinggal,1,4.0,4.0,191.6,within,0.0
193,708,Blok C (SDI-C63-063),Rumah Tinggal,1,4.0,4.0,112.14,nearest,3.21
52,709,SDI-C29-029,Rumah Tinggal,1,4.0,4.0,90.89,nearest,6.33
578,711,SDI-C28-028,Kandang Ternak,1,4.0,4.0,26.2,nearest,2.01
50,715,SDI-C27-027,Rumah Tinggal,1,4.0,4.0,71.06,nearest,0.57
45,716,SDI-C24-024,Rumah Tinggal,1,4.0,4.0,244.39,nearest,1.69
44,717,SDI-C23-023,Rumah Tinggal,1,4.0,4.0,183.18,nearest,1.7
37,718,SDI-C18-018,Rumah Tinggal,1,4.0,4.0,272.69,within,0.0
41,720,SDI-C21-021,Rumah Tinggal,1,4.0,4.0,154.45,nearest,4.21
39,721,SDI-C20-020,Rumah Tinggal,1,4.0,4.0,154.01,within,0.0
2,723,SDI-C01-001,Rumah Tinggal,2,4.0,8.0,306.94,nearest,2.92
231,724,SDI-C107-107,Rumah Tinggal,1,4.0,4.0,142.24,within,0.0
229,725,SDI-C105-105,Rumah Tinggal,1,4.0,4.0,100.9,within,0.0
230,726,SDI-C106-106,Rumah Tinggal,1,4.0,4.0,269.49,within,0.0
490,727,Blok C (SDI-C147-147),Rumah Tinggal,1,4.0,4.0,155.6,within,0.0
508,728,SDI-C103-103,Rumah Tinggal dan Warung,1,4.0,4.0,128.04,within,0.0
6,729,SDI-C03-003,Rumah Tinggal,1,4.0,4.0,129.1,nearest,1.22
5,730,SDI-C02-002,Rumah Tinggal,1,4.0,4.0,159.38,nearest,3.24
36,731,SDI-C17-017,Rumah Tinggal,1,4.0,4.0,240.17,within,0.0
49,735,SDI-C26-026,Rumah Tinggal,1,4.0,4.0,158.99,nearest,0.5
62,736,SDI-C32-032,Rumah Tinggal,1,4.0,4.0,157.1,nearest,4.61
194,737,Blok C (SDI-C64-064),Rumah Tinggal,1,4.0,4.0,114.0,within,0.0
60,741,SDI-C30-030,Rumah Tinggal,1,4.0,4.0,216.24,within,0.0
196,742,Blok C (SDI-C66-066),Rumah Tinggal,1,4.0,4.0,78.12,nearest,1.58
201,745,Blok C (SDI-C71-071),Rumah Tinggal,1,4.0,4.0,145.26,nearest,4.91
199,748,Blok C (SDI-C69-069),Rumah Tinggal,1,4.0,4.0,157.4,nearest,7.76
14,749,SDI-C10-010,Rumah Tinggal,1,4.0,4.0,138.68,within,0.0
13,750,SDI-C09-009,Rumah Tinggal,1,4.0,4.0,245.17,nearest,0.02
18,752,SDI-C14-014,Rumah Tinggal,1,4.0,4.0,148.66,within,0.0
17,755,SDI-C13-013,Rumah Tinggal,1,4.0,4.0,74.68,nearest,7.67
9,757,SDI-C06-006,Rumah Tinggal,1,4.0,4.0,120.09,within,0.0
8,758,SDI-C05-005,Rumah Tinggal,1,4.0,4.0,199.33,within,0.0
232,759,SDI-C108-108,Rumah Tinggal,1,4.0,4.0,138.29,nearest,1.17
233,761,SDI-C109-109,Rumah Tinggal,1,4.0,4.0,232.88,within,0.0
237,762,SDI-C113-113,Rumah Tinggal,1,4.0,4.0,159.66,within,0.0
240,763,SDI-C117-117,Rumah Tinggal,1,4.0,4.0,98.44,nearest,0.12
7,764,SDI-C04-004,Rumah Tinggal,1,4.0,4.0,120.01,nearest,1.82
509,766,SDI-C115-115,Rumah Tinggal dan Warung,1,4.0,4.0,203.57,within,0.0
238,769,SDI-C114-114,Rumah Tinggal,1,4.0,4.0,34.15,nearest,0.23
236,771,SDI-C112-112,Rumah Tinggal,1,4.0,4.0,192.73,within,0.0
235,772,SDI-C111-111,Rumah Tinggal,1,4.0,4.0,241.56,within,0.0
234,773,SDI-C110-110,Rumah Tinggal,1,4.0,4.0,194.21,within,0.0
214,780,Blok C (SDI-C86-086),Rumah Tinggal,1,4.0,4.0,137.96,within,0.0
213,781,Blok C (SDI-C85-085),Rumah Tinggal,2,4.0,8.0,215.96,nearest,1.95
212,782,Blok C (SDI-C84-084),Rumah Tinggal,2,4.0,8.0,264.23,within,0.0
209,784,Blok C (SDI-C80-080),Rumah Tinggal,1,4.0,4.0,212.48,within,0.0
207,785,Blok C (SDI-C78-078),Rumah Tinggal,1,4.0,4.0,275.92,nearest,0.17
580,786,Blok C (SDI-C77-077),Peternakan,1,4.0,4.0,384.42,within,0.0
560,788,Blok C (SDI-C87-087),Pelayanan Umum,1,4.0,4.0,401.99,nearest,4.09
505,793,SDI-C33-033,Rumah Tinggal dan Warung,1,4.0,4.0,157.83,within,0.0
239,794,SDI-C116-116,Rumah Tinggal,1,4.0,4.0,95.79,within,0.0
495,796,Blol B (SDI-B177-177),Rumah Tinggal,1,4.0,4.0,15.46,nearest,4.74
191,798,SDI-C58-058,Rumah Tinggal,1,4.0,4.0,168.78,within,0.0
192,799,SDI-C59-059,Rumah Tinggal,1,4.0,4.0,159.71,within,0.0
190,800,SDI-C57-057,Rumah Tinggal,1,4.0,4.0,84.06,within,0.0
489,802,Blok C(SDI-C146-146),Rumah Tinggal,1,4.0,4.0,159.9,nearest,4.71
487,803,Blok C (SDI-C144-144),Rumah Tinggal,1,4.0,4.0,99.15,nearest,2.11
227,805,Blok C (SDI-C101-101),Rumah Tinggal,1,4.0,4.0,232.39,nearest,0.48
225,806,Blok C (SDI-C99-099),Rumah Tinggal,1,4.0,4.0,257.56,nearest,2.44
221,807,Blok C (SDI-C95-095),Rumah Tinggal,1,4.0,4.0,210.5,nearest,3.56
222,808,Blok C (SDI-C96-096),Rumah Tinggal,1,4.0,4.0,137.71,nearest,4.34
210,810,Blok C (SDI-C81-081),Rumah Tinggal,1,4.0,4.0,162.75,nearest,3.74
206,812,Blok C (SDI-C76-076),Rumah Tinggal,1,4.0,4.0,128.86,nearest,1.59
215,813,Blok C (SDI-C89-089),Rumah Tinggal,1,4.0,4.0,113.6,nearest,5.06
216,815,Blok C (SDI-C90-090),Rumah Tinggal,1,4.0,4.0,138.49,nearest,3.76
532,816,Blok C (SDI-C88-088),Toko/Warung,1,4.0,4.0,47.9,nearest,1.87
189,817,SDI-C56-056,Rumah Tinggal,1,4.0,4.0,123.24,within,0.0
530,818,SDI-C55-055,Toko/Warung,1,4.0,4.0,23.43,within,0.0
529,820,SDI-C54-054,Toko/Warung,1,4.0,4.0,45.22,within,0.0
188,824,SDI-C53-053,Rumah Tinggal,1,4.0,4.0,106.63,within,0.0
186,826,SDI-C50-050,Rumah Tinggal,1,4.0,4.0,170.08,within,0.0
187,827,SDI-C52-052,Rumah Tinggal,1,4.0,4.0,243.33,within,0.0
488,829,Blok C (SDI-C145-145),Rumah Tinggal,1,4.0,4.0,110.25,within,0.0
185,830,SDI-C49-049,Rumah Tinggal,1,4.0,4.0,142.7,within,0.0
183,831,SDI-C47-047,Rumah Tinggal,1,4.0,4.0,132.73,within,0.0
184,832,SDI-C48-048,Rumah Tinggal,1,4.0,4.0,164.52,within,0.0
226,833,Blok C (SDI-C100-100),Rumah Tinggal,1,4.0,4.0,239.54,nearest,7.48
224,834,Blok C (SDI-C98-098),Rumah Tinggal,1,4.0,4.0,119.78,nearest,2.07
481,835,Blok C (SDI-C138-138),Rumah Tinggal,1,4.0,4.0,205.67,nearest,4.89
567,836,SDI-C43-043,Gudang,1,4.0,4.0,319.53,within,0.0
182,837,SDI-C46-046,Rumah Tinggal,1,4.0,4.0,129.17,within,0.0
181,838,SDI-C45-045,Rumah Tinggal,1,4.0,4.0,128.07,nearest,0.57
180,842,SDI-C44-044,Rumah Tinggal,1,4.0,4.0,208.89,within,0.0
177,843,SDI-C40-040,Rumah Tinggal,1,4.0,4.0,109.68,within,0.0
528,846,SDI-C38-038,Toko/Warung,1,4.0,4.0,56.1,nearest,0.19
178,847,SDI-C41-041,Rumah Tinggal,1,4.0,4.0,220.95,within,0.0
176,848,SDI-C39-039,Rumah Tinggal,1,4.0,4.0,133.09,within,0.0
175,849,SDI-C37-037,Rumah Tinggal,1,4.0,4.0,180.93,within,0.0
173,850,SDI-C35-035,Rumah Tinggal,1,4.0,4.0,143.93,nearest,0.79
220,851,Blok C (SDI-C94-094),Rumah Tinggal,1,4.0,4.0,115.84,nearest,8.13
477,853,Blok C (SDI-C134-134),Rumah Tinggal,1,4.0,4.0,213.54,nearest,3.25
218,854,Blok C (SDI-C92-092),Rumah Tinggal,1,4.0,4.0,184.01,nearest,10.27
217,855,Blok C (SDI-C91-091),Rumah Tinggal,1,4.0,4.0,124.05,nearest,1.65
172,856,SDI-C34-034,Rumah Tinggal,1,4.0,4.0,168.16,nearest,0.74
174,857,SDI-C36-036,Rumah Tinggal,1,4.0,4.0,128.55,nearest,0.76
376,870,Blok C (SDI-C119-119),Rumah Tinggal,1,4.0,4.0,347.39,within,0.0
497,874,Blok B (SDI-B179-179),Rumah Tinggal,1,4.0,4.0,121.81,nearest,2.82
503,877,Blok B (SDI-B186-186),Rumah Tinggal,1,4.0,4.0,62.0,within,0.0
502,878,Blok B-(SDI-B184-184),Rumah Tinggal,1,4.0,4.0,19.93,nearest,3.27
97,882,SDI-B14-014,Rumah Tinggal,1,4.0,4.0,181.36,within,0.0
94,883,SDI-B11-011,Rumah Tinggal,1,4.0,4.0,172.64,within,0.0
89,884,SDI-B07-007,Rumah Tinggal,1,4.0,4.0,151.65,nearest,1.67
95,886,SDI-B12-012,Rumah Tinggal,1,4.0,4.0,233.16,within,0.0
98,887,SDI-B15-015,Rumah Tinggal,1,4.0,4.0,195.97,nearest,4.05
99,888,SDI-B16-016,Rumah Tinggal,1,4.0,4.0,308.64,nearest,4.07
458,890,Blok B (SDI-B153-153),Rumah Tinggal,1,4.0,4.0,153.0,within,0.0
465,891,Blok B (SDI-B161-161),Rumah Tinggal,1,4.0,4.0,211.13,within,0.0
467,894,Blok B (SDI-B163-163),Rumah Tinggal,1,4.0,4.0,167.93,within,0.0
468,895,Blok B (SDI-B164-164),Rumah Tinggal,1,4.0,4.0,111.32,nearest,0.04
470,897,Blok B (SDI-B166-166),Rumah Tinggal,1,4.0,4.0,132.41,within,0.0
462,899,Blok B (SDI-B158-158),Rumah Tinggal,1,4.0,4.0,111.8,within,0.0
461,900,Blok B (SDI-B157-157),Rumah Tinggal,1,4.0,4.0,137.4,within,0.0
457,902,Blok B (SDI-B152-152),Rumah Tinggal,1,4.0,4.0,203.66,within,0.0
456,903,Blok B (SDI-B151-151),Rumah Tinggal,1,4.0,4.0,111.76,within,0.0
455,904,Blok B (SDI-B150-150),Rumah Tinggal,1,4.0,4.0,160.58,within,0.0
460,905,Blok B (SDI-B156-156),Rumah Tinggal,1,4.0,4.0,125.51,within,0.0
473,908,Blok B (SDI-B169-169),Rumah Tinggal,1,4.0,4.0,111.9,within,0.0
472,909,Blok B (SDI-B168-168),Rumah Tinggal,1,4.0,4.0,152.4,within,0.0
459,910,Blok B (SDI-B155-155),Rumah Tinggal,1,4.0,4.0,133.18,nearest,3.26
463,912,Blok B (SDI-B159-159),Rumah Tinggal,1,4.0,4.0,143.06,nearest,0.76
471,913,Blok B (SDI-B167-167),Rumah Tinggal,1,4.0,4.0,202.65,within,0.0
466,914,Blok B (SDI-B162-162),Rumah Tinggal,1,4.0,4.0,409.6,within,0.0
454,915,Blok B (SDI-B149-149),Rumah Tinggal,1,4.0,4.0,143.77,within,0.0
452,916,Blok B (SDI-147-147),Rumah Tinggal,1,4.0,4.0,112.16,within,0.0
453,917,Blok B(SDI-B148-148),Rumah Tinggal,1,4.0,4.0,89.04,within,0.0
451,918,Blok B (SDI-B146-146),Rumah Tinggal,1,4.0,4.0,150.48,within,0.0
448,920,Blok B (SDI-B143-143),Rumah Tinggal,1,4.0,4.0,139.12,within,0.0
450,921,Blok B (SDI-B145-145),Rumah Tinggal,1,4.0,4.0,173.87,within,0.0
449,926,Blok B (SDI-B144-144),Rumah Tinggal,1,4.0,4.0,119.83,within,0.0
414,930,Blok B (SDI-B110-110),Rumah Tinggal,1,4.0,4.0,173.35,within,0.0
415,932,Blok B (SDI-B111-111),Rumah Tinggal,1,4.0,4.0,169.13,within,0.0
408,936,Blok B (SDI-C103-103),Rumah Tinggal,1,4.0,4.0,157.2,within,0.0
406,937,Blok B (SDI-B101-101),Rumah Tinggal,1,4.0,4.0,250.58,within,0.0
171,939,SDI-B94-094,Rumah Tinggal,2,4.0,8.0,213.59,within,0.0
165,950,SDI-B87-087,Rumah Tinggal,1,4.0,4.0,227.61,within,0.0
170,954,SDI-B93-093,Rumah Tinggal,1,4.0,4.0,694.88,nearest,2.01
403,955,Blok B (SDI-B98-098),Rumah Tinggal,1,4.0,4.0,180.62,within,0.0
404,957,Blok B (SDI-B99-099),Rumah Tinggal,2,4.0,8.0,228.02,within,0.0
405,958,Blok B (SDI-B100-100),Rumah Tinggal,1,4.0,4.0,153.93,within,0.0
162,959,SDI-B84-084,Rumah Tinggal,1,4.0,4.0,189.55,within,0.0
168,961,SDI-B91-091,Rumah Tinggal,1,4.0,4.0,177.95,within,0.0
418,962,Blok B (SDI-B114-114),Rumah Tinggal,1,4.0,4.0,345.3,within,0.0
417,964,Blok B (SDI-B113-113),Rumah Tinggal,1,4.0,4.0,73.77,within,0.0
416,965,Blok B (SDI-B112-112),Rumah Tinggal,1,4.0,4.0,154.56,within,0.0
169,966,SDI-B92-092,Rumah Tinggal,1,4.0,4.0,308.95,within,0.0
409,968,Blok B (SDI-B104-104),Rumah Tinggal,1,4.0,4.0,145.84,within,0.0
407,969,Blok B (SDI-B102-102),Rumah Tinggal,1,4.0,4.0,158.71,within,0.0
581,975,Blok B (SDI-B108-108),Pabrik,1,4.0,4.0,457.06,within,0.0
569,977,Blok B (SDI-B95-095),Gudang,1,4.0,4.0,169.65,within,0.0
379,979,Blok C (SDI-C120-120),Rumah Tinggal,1,4.0,4.0,139.16,within,0.0
381,981,Blok C (SDI-C121-121),Rumah Tinggal,1,4.0,4.0,427.28,within,0.0
385,982,Blok C (SDI-C123-123),Rumah Tinggal,1,4.0,4.0,217.59,within,0.0
391,983,Blok C (SDI-C126-126),Rumah Tinggal,1,4.0,4.0,119.47,nearest,2.39
412,985,Blok B (SDI-B107-107),Rumah Tinggal,1,4.0,4.0,320.45,within,0.0
86,987,SDI-B04-004,Rumah Tinggal,1,4.0,4.0,545.54,within,0.0
85,989,SDI-B03–003,Rumah Tinggal,1,4.0,4.0,230.31,within,0.0
83,990,SDI-B01-001,Rumah Tinggal,1,4.0,4.0,127.27,within,0.0
386,992,Blok C (SDI-C124-124),Rumah Tinggal,1,4.0,4.0,552.21,within,0.0
498,995,Blok B (SDI-B180-180),Rumah Tinggal,1,4.0,4.0,108.32,nearest,0.76
374,997,Blok C (SDI-C118-118),Rumah Tinggal,1,4.0,4.0,118.68,within,0.0
494,1002,Blok B (SDI-B176-176),Rumah Tinggal,1,4.0,4.0,52.56,nearest,3.28
493,1003,Blok B (SDI-B175-175),Rumah Tinggal,2,4.0,8.0,150.46,nearest,1.56
492,1004,Blok B(SDI-B174-174),Rumah Tinggal,1,4.0,4.0,119.29,nearest,3.16
204,1006,Blok C (SDI-C74-074),Rumah Tinggal,1,4.0,4.0,202.25,nearest,6.06
197,1011,Blok C (SDI-C67-067),Rumah Tinggal,1,4.0,4.0,63.7,within,0.0
200,1012,Blok C (SDI-C70-070),Rumah Tinggal,1,4.0,4.0,273.78,within,0.0
203,1013,Blok C (SDI-C73-073),Rumah Tinggal,1,4.0,4.0,145.88,within,0.0
202,1014,Blok C (SDI-C72-072),Rumah Tinggal,1,4.0,4.0,93.11,within,0.0
16,1015,SDI-C12-012,Rumah Tinggal,1,4.0,4.0,275.34,nearest,3.71
19,1018,SDI-C15-015,Rumah Tinggal,1,4.0,4.0,147.11,nearest,0.41
400,1023,Blok C (SDI-C133-133),Rumah Tinggal,1,4.0,4.0,87.42,nearest,1.59
577,1024,Blok C (SDI-C132-132),Kandang Kambing,1,4.0,4.0,246.39,nearest,4.57
394,1026,Blok C (SDI-C128-128),Rumah Tinggal,1,4.0,4.0,263.97,within,0.0
396,1027,Blok C (SDI-C129-129),Rumah Tinggal,1,4.0,4.0,183.36,within,0.0
398,1030,Blok C (SDI-C130-130),Rumah Tinggal,1,4.0,4.0,244.73,within,0.0
399,1031,Blok C (SDI-C131-131),Rumah Tinggal,1,4.0,4.0,93.75,nearest,1.36
401,1039,Blok B (SDI-B96-096),Rumah Tinggal,1,4.0,4.0,160.44,nearest,0.53
92,1040,SDI-B09-009,Rumah Tinggal,1,4.0,4.0,88.84,nearest,3.66
91,1042,SDI-B08-008,Rumah Tinggal,1,4.0,4.0,53.22,within,0.0
88,1043,SDI-B06-006,Rumah Tinggal,1,4.0,4.0,91.81,within,0.0
476,1045,Blok B (SDI-B172-172),Rumah Tinggal,1,4.0,4.0,113.82,within,0.0
437,1046,Blok B (SDI-B133-133),Rumah Tinggal,1,4.0,4.0,2327.41,within,0.0
425,1047,Blok B (SDI-B121-121),Rumah Tinggal,1,4.0,4.0,187.07,within,0.0
585,1055,SDI-A84-084,Gazebo,1,4.0,4.0,28.8,within,0.0
0,1056,SDI-A85-085,Pondok,1,4.0,4.0,51.46,nearest,0.27
341,1061,SDI-A76-076,Rumah Tinggal,1,4.0,4.0,210.02,within,0.0
339,1062,SDI-A72-072,Rumah Tinggal,1,4.0,4.0,140.54,within,0.0
344,1067,SDI-A79-079,Rumah Tinggal,1,4.0,4.0,59.25,nearest,0.53
574,1068,SDI-A80-080,Kandang Kambing,1,4.0,4.0,27.53,nearest,9.34
345,1069,SDI-A81-081,Rumah Tinggal,1,4.0,4.0,159.13,within,0.0
475,1077,Blok B (SDI-B171-171),Rumah Tinggal,1,4.0,4.0,89.89,nearest,4.12
474,1079,Blok B (SDI-B170-170),Rumah Tinggal,1,4.0,4.0,141.4,within,0.0
21,1080,SDI-A09-009,Rumah Tinggal,1,4.0,4.0,69.34,within,0.0
61,1090,SDI-A42-042,Rumah Tinggal,1,4.0,4.0,19.34,nearest,0.15
352,1092,SDI-A93-093,Rumah Tinggal,1,4.0,4.0,17.68,within,0.0
510,1094,SDI-A40-040,Rumah tinggal dan Warung,1,4.0,4.0,221.14,within,0.0
32,1096,SDI-A23-023,Rumah Tinggal,1,4.0,4.0,282.79,within,0.0
56,1097,SDI-A01-035,Rumah Tinggal,1,4.0,4.0,106.07,within,0.0
57,1100,SDI-A37-037,Rumah Tinggal,1,4.0,4.0,184.93,nearest,3.02
351,1101,SDI-A92-092,Rumah Tinggal,1,4.0,4.0,59.48,within,0.0
575,1103,SDI-A89-089,Kandang Kambing,1,4.0,4.0,220.96,within,0.0
33,1105,SDI-A24-024,Rumah Tinggal,1,4.0,4.0,95.83,within,0.0
353,1106,SDI-A94-094,Rumah Tinggal,1,4.0,4.0,76.32,nearest,0.47
350,1107,SDI-A91-091,Rumah Tinggal,1,4.0,4.0,112.47,within,0.0
47,1108,SDI-A29-029,Rumah Tinggal,1,4.0,4.0,137.64,within,0.0
46,1110,SDI-A28-028,Rumah Tinggal,1,4.0,4.0,98.83,within,0.0
43,1111,SDI-A27-027,Rumah Tinggal,1,4.0,4.0,159.15,within,0.0
40,1112,SDI-A26-026,Rumah Tinggal,1,4.0,4.0,91.74,within,0.0
34,1114,SDI-A25-025,Rumah Tinggal,1,4.0,4.0,67.05,within,0.0
28,1116,SDI-A18-018,Rumah Tinggal,1,4.0,4.0,99.16,within,0.0
26,1118,SDI-A15-015,Rumah Tinggal,1,4.0,4.0,151.69,within,0.0
25,1120,SDI-A14-014,Rumah Tinggal,1,4.0,4.0,175.18,within,0.0
29,1123,SDI-A19-019,Rumah Tinggal,1,4.0,4.0,76.4,within,0.0
31,1127,SDI-A21-021,Rumah Tinggal,1,4.0,4.0,63.68,within,0.0
53,1128,SDI-A32-032,Rumah Tinggal,1,4.0,4.0,200.93,within,0.0
564,1129,SDI-A34-034,Gudang,1,4.0,4.0,201.37,within,0.0
51,1132,SDI-A31-031,Rumah Tinggal,1,4.0,4.0,92.99,within,0.0
348,1135,SDI-A88-088,Rumah Tinggal,1,4.0,4.0,226.05,within,0.0
30,1137,SDI-A20-020,Rumah Tinggal,1,4.0,4.0,155.76,within,0.0
541,1138,SDI-A17-017,Tempat Ibadah,1,4.0,4.0,70.65,nearest,7.43
27,1140,SDI-A16-016,Rumah Tinggal,1,4.0,4.0,222.52,within,0.0
24,1141,SDI-A13-013,Rumah Tinggal,1,4.0,4.0,51.4,within,0.0
66,1147,Blok A (SDI-A01-046),Rumah Tinggal,1,4.0,4.0,108.95,within,0.0
68,1149,Blok A (SDI-A01-048),Rumah Tinggal,1,4.0,4.0,159.97,within,0.0
73,1150,Blok A (SDI-A01-053),Rumah Tinggal,1,4.0,4.0,59.98,within,0.0
81,1151,Blok A (SDI-A01-061),Rumah Tinggal,1,4.0,4.0,126.99,within,0.0
71,1152,Blok A (SDI-A01-051),Rumah Tinggal,1,4.0,4.0,213.51,within,0.0
82,1153,Blok A (SDI-A01-062),Rumah Tinggal,1,4.0,4.0,178.07,within,0.0
75,1154,Blok A (SDI-A01-055),Rumah Tinggal,1,4.0,4.0,90.19,nearest,0.08
74,1155,Blok A (SDI-A01-054),Rumah Tinggal,1,4.0,4.0,171.98,within,0.0
72,1157,Blok A (SDI-A01-052),Rumah Tinggal,1,4.0,4.0,126.12,within,0.0
69,1158,Blok A (SDI-A01-049),Rumah Tinggal,1,4.0,4.0,71.35,nearest,1.74
76,1159,Blok A (SDI-A01-056),Rumah Tinggal,1,4.0,4.0,76.0,within,0.0
77,1160,Blok A (SDI-A01-057),Rumah Tinggal,1,4.0,4.0,95.79,within,0.0
78,1161,Blok A (SDI-A01-058),Rumah Tinggal,1,4.0,4.0,132.13,within,0.0
79,1162,Blok A (SDI-A01-059),Rumah Tinggal,1,4.0,4.0,48.24,within,0.0
582,1163,Blok A (SDI-A01-063),Tandon air beton,1,4.0,4.0,10.54,nearest,0.99
63,1164,SDI-A43-043,Rumah Tinggal,1,4.0,4.0,306.65,within,0.0
67,1165,Blok A (SDI-A01-047),Rumah Tinggal,1,4.0,4.0,116.77,nearest,0.5
59,1167,SDI-A41-041,Rumah Tinggal,1,4.0,4.0,114.34,within,0.0
579,1169,SDI-A38-038,Kandang ternak,1,4.0,4.0,27.02,within,0.0
87,1171,Blok A (SDI-A01-065),Rumah Tinggal,1,4.0,4.0,88.37,nearest,0.59
90,1172,Blok A (SDI-A01-066),Rumah Tinggal,1,4.0,4.0,88.21,within,0.0
346,1176,SDI-A86-086,Rumah Tinggal,1,4.0,4.0,132.89,within,0.0
23,1178,SDI-A12-012,Rumah Tinggal,2,4.0,8.0,100.14,within,0.0
22,1179,SDI-A11-011,Rumah Tinggal,1,4.0,4.0,104.75,within,0.0
562,1181,SDI-A10-010,Gudang,2,4.0,8.0,31.16,within,0.0
3,1182,SDI-A03-003,Rumah Tinggal,1,4.0,4.0,214.76,within,0.0
1,1184,SDI-A01-001,Rumah Tinggal,1,4.0,4.0,94.95,within,0.0
335,1185,SDI-A68-068,Rumah Tinggal,1,4.0,4.0,133.74,within,0.0
337,1187,SDI-A70-070,Rumah Tinggal,1,4.0,4.0,90.26,within,0.0
439,1189,Blok B (SDI-B135-135),Rumah Tinggal,1,4.0,4.0,185.89,within,0.0
444,1190,Blok B (SDI-B139-139),Rumah Tinggal,1,4.0,4.0,191.41,within,0.0
441,1191,Blok B (SDI-B137-137),Rumah Tinggal,1,4.0,4.0,308.57,within,0.0
438,1193,Blok B (SDI-B134-134),Rumah Tinggal,1,4.0,4.0,201.16,within,0.0
436,1197,Blok B (SDI-B133-133),Rumah Tinggal,1,4.0,4.0,268.32,within,0.0
446,1199,Blok B (SDI-B141-141),Rumah Tinggal,1,4.0,4.0,115.68,within,0.0
435,1200,Blok B (SDI-B132-132),Rumah Tinggal,1,4.0,4.0,192.54,nearest,0.96
434,1201,Blok B (SDI-B131-131),Rumah Tinggal,1,4.0,4.0,114.94,within,0.0
422,1203,Blok B (SDI-B118-118),Rumah Tinggal,1,4.0,4.0,59.64,nearest,5.4
433,1206,Blok B (SDI-B130-130),Rumah Tinggal,1,4.0,4.0,304.38,within,0.0
424,1210,Blok B (SDI-B120-120),Rumah Tinggal,1,4.0,4.0,120.78,nearest,0.4
423,1211,Blok B (SDI-B119-119),Rumah Tinggal,1,4.0,4.0,133.58,within,0.0
550,1212,Blok B (SDI-B122-122),Tempat Ibadah,1,4.0,4.0,213.04,within,0.0
427,1213,Blok B (SDI-B124-124),Rumah Tinggal,1,4.0,4.0,195.63,within,0.0
428,1214,Blok B (SDI-B125-125),Rumah Tinggal,1,4.0,4.0,91.57,within,0.0
123,1220,SDI-B43-043,Rumah Tinggal,1,4.0,4.0,127.59,nearest,0.97
517,1223,SDI-B01-001,Toko/Warung,1,4.0,4.0,167.39,within,0.0
336,1226,SDI-A69-069,Rumah Tinggal,1,4.0,4.0,189.27,within,0.0
12,1227,SDI-A06-006,Rumah Tinggal,1,4.0,4.0,222.55,within,0.0
4,1228,SDI-A04-004,Rumah Tinggal,1,4.0,4.0,117.05,within,0.0
354,1229,SDI-A96-096,Rumah Tinggal,1,4.0,4.0,127.66,within,0.0
573,1231,SDI-A74-074,Kandang Kambing,1,4.0,4.0,30.79,within,0.0
343,1232,SDI-A78-078,Rumah Tinggal,1,4.0,4.0,66.61,within,0.0
342,1234,SDI-A77-077,Rumah Tinggal,1,4.0,4.0,130.72,within,0.0
338,1236,SDI-A71-071,Rumah Tinggal,1,4.0,4.0,77.01,within,0.0
340,1239,SDI-A75-075,Rumah Tinggal,1,4.0,4.0,94.36,nearest,0.8
561,1244,SDI-A02-002,Gudang,1,4.0,4.0,92.48,within,0.0
571,1253,Blok A (SDI-A01-064),Kandang Kambing,1,4.0,4.0,29.24,nearest,1.7
563,1256,SDI-A22-022,Gudang,1,4.0,4.0,44.91,within,0.0
10,1257,SDI-A05-005,Rumah Tinggal,1,4.0,4.0,270.88,within,0.0
20,1258,SDI-A08-008,Rumah Tinggal,1,4.0,4.0,174.47,within,0.0
