Nomor,ID Bangunan,Koordinat Latitude (Y),Koordinat Longitude (X),Fungsi Bangunan,Jumlah Lantai
1,SDI-A85-085,-5.548431,105.223883,Pondok,1
2,SDI-A01-001,-5.545384,105.227502,Rumah Tinggal,1
3,SDI-C01-001,-5.552167,105.235376,Rumah Tinggal,2
4,SDI-A03-003,-5.545261,105.227328,Rumah Tinggal,1
5,SDI-A04-004,-5.544866,105.227668,Rumah Tinggal,1
6,SDI-C02-002,-5.552325,105.235241,Rumah Tinggal,1
7,SDI-C03-003,-5.55244,105.235181,Rumah Tinggal,1
8,SDI-C04-004,-5.552495,105.235085,Rumah Tinggal,1
9,SDI-C05-005,-5.552505,105.234778,Rumah Tinggal,1
10,SDI-C06-006,-5.552422,105.234644,Rumah Tinggal,1
11,SDI-A05-005,-5.544962,105.22742,Rumah Tinggal,1
12,SDI-C08-008,-5.552464,105.233965,Rumah Tinggal,1
13,SDI-A06-006,-5.544949,105.227342,Rumah Tinggal,1
14,SDI-C09-009,-5.552436,105.233915,Rumah Tinggal,1
15,SDI-C10-010,-5.552316,105.234007,Rumah Tinggal,1
16,SDI-C11-011,-5.552238,105.233947,Rumah Tinggal,1
17,SDI-C12-012,-5.552142,105.234039,Rumah Tinggal,1
18,SDI-C13-013,-5.552146,105.234126,Rumah Tinggal,1
19,SDI-C14-014,-5.55216,105.233805,Rumah Tinggal,1
20,SDI-C15-015,-5.552289,105.23364,Rumah Tinggal,1
21,SDI-A08-008,-5.544893,105.227278,Rumah Tinggal,1
22,SDI-A09-009,-5.548256,105.224369,Rumah Tinggal,1
23,SDI-A11-011,-5.544981,105.22652,Rumah Tinggal,1
24,SDI-A12-012,-5.544894,105.226126,Rumah Tinggal,2
25,SDI-A13-013,-5.54471,105.225947,Rumah Tinggal,1
26,SDI-A14-014,-5.544438,105.226066,Rumah Tinggal,1
27,SDI-A15-015,-5.544323,105.226034,Rumah Tinggal,1
28,SDI-A16-016,-5.544678,105.225832,Rumah Tinggal,1
29,SDI-A18-018,-5.544328,105.225924,Rumah Tinggal,1
30,SDI-A19-019,-5.54437,105.225777,Rumah Tinggal,1
31,SDI-A20-020,-5.5446,105.225538,Rumah Tinggal,1
32,SDI-A21-021,-5.544549,105.22541,Rumah Tinggal,1
33,SDI-A23-023,-5.544227,105.225561,Rumah Tinggal,1
34,SDI-A24-024,-5.544218,105.225469,Rumah Tinggal,1
35,SDI-A25-025,-5.54414,105.225832,Rumah Tinggal,1
36,SDI-C16-016,-5.552183,105.235186,Rumah Tinggal,1
37,SDI-C17-017,-5.552094,105.235113,Rumah Tinggal,1
38,SDI-C18-018,-5.551936,105.235302,Rumah Tinggal,1
39,SDI-C19-019,-5.551662,105.235496,Rumah Tinggal,1
40,SDI-C20-020,-5.551723,105.235473,Rumah Tinggal,1
41,SDI-A26-026,-5.544094,105.225772,Rumah Tinggal,1
42,SDI-C21-021,-5.551859,105.235506,Rumah Tinggal,1
43,SDI-C22-022,-5.551943,105.235052,Rumah Tinggal,1
44,SDI-A27-027,-5.544015,105.22569,Rumah Tinggal,1
45,SDI-C23-023,-5.551794,105.235101,Rumah Tinggal,1
46,SDI-C24-024,-5.551743,105.235092,Rumah Tinggal,1
47,SDI-A28-028,-5.543914,105.225635,Rumah Tinggal,1
48,SDI-A29-029,-5.543873,105.225506,Rumah Tinggal,1
49,SDI-A30-030,-5.544213,105.225424,Rumah Tinggal,1
50,SDI-C26-026,-5.551848,105.234873,Rumah Tinggal,1
51,SDI-C27-027,-5.551633,105.234928,Rumah Tinggal,1
52,SDI-A31-031,-5.544692,105.225318,Rumah Tinggal,1
53,SDI-C29-029,-5.551237,105.235205,Rumah Tinggal,1
54,SDI-A32-032,-5.544475,105.225263,Rumah Tinggal,1
55,SDI-A33-033,-5.544411,105.225199,Rumah Tinggal,1
56,SDI-B05-005,-5.549010571,105.229682,Rumah Tinggal,1
57,SDI-A01-035,-5.544176,105.225323,Rumah Tinggal,1
58,SDI-A37-037,-5.544043,105.225263,Rumah Tinggal,1
59,SDI-A39-039,-5.544144,105.225139,Rumah Tinggal,1
60,SDI-A41-041,-5.544172,105.224827,Rumah Tinggal,1
61,SDI-C30-030,-5.551554,105.234648,Rumah Tinggal,1
62,SDI-A42-042,-5.544039,105.224923,Rumah Tinggal,1
63,SDI-C32-032,-5.55145,105.234667,Rumah Tinggal,1
64,SDI-A43-043,-5.544269,105.224602,Rumah Tinggal,1
65,Blok A (SDI-A01-044),-5.543823,105.224676,Rumah Tinggal,1
66,Blok A (SDI-A01-045),-5.543671,105.224735,Rumah Tinggal,1
67,Blok A (SDI-A01-046),-5.543629,105.224694,Rumah Tinggal,1
68,Blok A (SDI-A01-047),-5.544062,105.224543,Rumah Tinggal,1
69,Blok A (SDI-A01-048),-5.543708,105.224478,Rumah Tinggal,1
70,Blok A (SDI-A01-049),-5.543583,105.224451,Rumah Tinggal,1
71,Blok A (SDI-A01-050),-5.543625,105.224359,Rumah Tinggal,1
72,Blok A (SDI-A01-051),-5.543721,105.224331,Rumah Tinggal,1
73,Blok A (SDI-A01-052),-5.543639,105.224253,Rumah Tinggal,1
74,Blok A (SDI-A01-053),-5.543795,105.224212,Rumah Tinggal,1
75,Blok A (SDI-A01-054),-5.543731,105.224134,Rumah Tinggal,1
76,Blok A (SDI-A01-055),-5.543758,105.223987,Rumah Tinggal,1
77,Blok A (SDI-A01-056),-5.543726,105.223877,Rumah Tinggal,1
78,Blok A (SDI-A01-057),-5.543616,105.223822,Rumah Tinggal,1
79,Blok A (SDI-A01-058),-5.543524,105.223817,Rumah Tinggal,1
80,Blok A (SDI-A01-059),-5.543556,105.223694,Rumah Tinggal,1
81,Blok A (SDI-A01-060),-5.543855,105.224203,Rumah Tinggal,1
82,Blok A (SDI-A01-061),-5.543846,105.224313,Rumah Tinggal,1
83,Blok A (SDI-A01-062),-5.543836,105.224492,Rumah Tinggal,1
84,SDI-B01-001,-5.550771,105.232928,Rumah Tinggal,1
85,SDI-B02-002,-5.550645,105.230717,Rumah Tinggal,1
86,SDI-B03–003,-5.550967,105.232818,Rumah Tinggal,1
87,SDI-B04-004,-5.5507,105.232827,Rumah Tinggal,1
88,Blok A (SDI-A01-065),-5.543851,105.222161,Rumah Tinggal,1
89,SDI-B06-006,-5.550268,105.232193,Rumah Tinggal,1
90,SDI-B07-007,-5.550107,105.232308,Rumah Tinggal,1
91,Blok A (SDI-A01-066),-5.543649,105.222152,Rumah Tinggal,1
92,SDI-B08-008,-5.55019,105.231946,Rumah Tinggal,1
93,SDI-B09-009,-5.550052,105.231803,Rumah Tinggal,1
94,SDI-B10-010,-5.549937,105.232069,Rumah Tinggal,1
95,SDI-B11-011,-5.549873,105.232184,Rumah Tinggal,1
96,SDI-B12-012,-5.549721,105.232028,Rumah Tinggal,1
97,SDI-B13-013,-5.549804,105.232212,Rumah Tinggal,1
98,SDI-B14-014,-5.549762,105.232244,Rumah Tinggal,1
99,SDI-B15-015,-5.54973,105.231863,Rumah Tinggal,1
100,SDI-B16-016,-5.549597,105.231675,Rumah Tinggal,1
101,SDI-17-017,-5.599482,105.2315,Rumah Tinggal,1
102,SDI-B17-017,-5.549482,105.2315,Rumah Tinggal,1
103,SDI-B18-018,-5.549436,105.231152,Rumah Tinggal,1
104,SDI-B19-019,-5.549284,105.231014,Rumah Tinggal,1
105,SDI-B20-020,-5.548889,105.231023,Rumah Tinggal,1
106,SDI-B21-021,-5.548801,105.230849,Rumah Tinggal,1
107,SDI-B22-022,-5.548208,105.230619,Rumah Tinggal,1
108,SDI-B24-024,-5.548349,105.230455,Rumah Tinggal,1
109,SDI-B25-025,-5.548061,105.230142,Rumah Tinggal,1
110,SDI-B26-026,-5.5479,105.230174,Rumah Tinggal,1
111,SDI-B27-027,-5.547569,105.230619,Rumah Tinggal,1
112,SDI-B28-028,-5.547334,105.230398,Rumah Tinggal,1
113,SDI-B29-029,-5.54721,105.230408,Rumah Tinggal,1
114,SDI-B30-030,-5.547468,105.230252,Rumah Tinggal,1
115,SDI-B31-031,-5.547339,105.230192,Rumah Tinggal,1
116,SDI-B32-032,-5.54756,105.22988,Rumah Tinggal,1
117,SDI-B33-033,-5.547275,105.230151,Rumah Tinggal,1
118,SDI-B34-034,-5.547261,105.229898,Rumah Tinggal,1
119,SDI-B38-038,-5.547103,105.229749,Rumah Tinggal,1
120,SDI-B36-036,-5.547335,105.229536,Rumah Tinggal,1
121,SDI-B39-039,-5.547385,105.22938,Rumah Tinggal,1
122,SDIB40-040,-5.547404,105.229224,Rumah Tinggal,2
123,SDI-B41-041,-5.547427,105.229334,Rumah Tinggal,1
124,SDI-B43-043,-5.547018,105.229164,Rumah Tinggal,1
125,SDI-B46-046,-5.547202,105.228921,Rumah Tinggal,1
126,SDI-B47-047,-5.547459,105.229219,Rumah Tinggal,1
127,SDI-B48-048,-5.547583,105.229219,Rumah Tinggal,1
128,SDI-B49-049,-5.54758,105.228956,Rumah Tinggal,1
129,SDI-B50-050,-5.547588,105.229284,Rumah Tinggal,1
130,SDI-B51-051,-5.547832,105.228996,Rumah Tinggal,1
131,SDI-B52-052,-5.547896,105.229004,Rumah Tinggal,1
132,SDI-B53-053,-5.548117,105.228903,Rumah Tinggal,1
133,SDI-B54-054,-5.548098,105.229119,Rumah Tinggal,1
134,SDI-B55-055,-5.547974,105.22938,Rumah Tinggal,1
135,SDI-B56-056,-5.54819,105.229141,Rumah Tinggal,1
136,SDI-B57-057,-5.548084,105.229435,Rumah Tinggal,1
137,SDI-B58-058,-5.54825,105.22921,Rumah Tinggal,1
138,SDI-B59-059,-5.548333,105.229174,Rumah Tinggal,1
139,SDI-B60-060,-5.548204,105.229486,Rumah Tinggal,1
140,SDI-B61-061,-5.548434,105.229252,Rumah Tinggal,1
141,SDI-B62-062,-5.548319,105.229513,Rumah Tinggal,1
142,SDI-B63-063,-5.548613,105.229302,Rumah Tinggal,1
143,SDI-B64-064,-5.548696,105.229779,Rumah Tinggal,1
144,SDI-B65-065,-5.548843,105.22944,Rumah Tinggal,1
145,SDI-B66-066,-5.548816,105.229825,Rumah Tinggal,1
146,SDI-B67-067,-5.549023,105.2295,Rumah Tinggal,1
147,SDI-B68-068,-5.548871,105.22983,Rumah Tinggal,1
148,SDI-B69-069,-5.549046,105.229568,Rumah Tinggal,1
149,SDI-B70-070,-5.54917,105.229949,Rumah Tinggal,1
150,SDI-B71-071,-5.549266,105.230027,Rumah Tinggal,1
151,SDI-B72-072,-5.549473,105.230257,Rumah Tinggal,1
152,SDI-B73-073,-5.549694,105.230216,Rumah Tinggal,1
153,SDI-B74-074,-5.55003,105.230124,Rumah Tinggal,1
154,SDI-B75-075,-5.549896,105.230372,Rumah Tinggal,1
155,SDI-B76-076,-5.550168,105.230193,Rumah Tinggal,1
156,SDI-B77-077,-5.550444,105.230156,Rumah Tinggal,1
157,SDI-B78-078,-5.550103,105.230587,Rumah Tinggal,1
158,SDI-B79-079,-5.550204,105.230638,Rumah Tinggal,1
159,SDI-B80-080,-5.550338,105.230372,Rumah Tinggal,1
160,SDI-B81-081,-5.550531,105.230542,Rumah Tinggal,1
161,SDI-B82-082,-5.550586,105.230647,Rumah Tinggal,1
162,SDI-B83-083,-5.550443,105.230895,Rumah Tinggal,1
163,SDI-B84-084,-5.55088,105.23073,Rumah Tinggal,1
164,SDI-B85-085,-5.550696,105.231088,Rumah Tinggal,1
165,SDI-B86-086,-5.5506,105.230955,Rumah Tinggal,1
166,SDI-B87-087,-5.55088,105.231152,Rumah Tinggal,1
167,SDI-B89-089,-5.55105,105.231189,Rumah Tinggal,1
168,SDI-B90-090,-5.551156,105.231001,Rumah Tinggal,1
169,SDI-B91-091,-5.551073,105.230891,Rumah Tinggal,1
170,SDI-B92-092,-5.551282,105.23106,Rumah Tinggal,1
171,SDI-B93-093,-5.551174,105.231376,Rumah Tinggal,1
172,SDI-B94-094,-5.551312,105.23145,Rumah Tinggal,2
173,SDI-C34-034,-5.553458,105.237164,Rumah Tinggal,1
174,SDI-C35-035,-5.553348,105.237265,Rumah Tinggal,1
175,SDI-C36-036,-5.553357,105.237494,Rumah Tinggal,1
176,SDI-C37-037,-5.553196,105.237384,Rumah Tinggal,1
177,SDI-C39-039,-5.553077,105.237233,Rumah Tinggal,1
178,SDI-C40-040,-5.552929,105.237499,Rumah Tinggal,1
179,SDI-C41-041,-5.553007,105.237549,Rumah Tinggal,1
180,SDI-C42-042,-5.552902,105.237008,Rumah Tinggal,1
181,SDI-C44-044,-5.552801,105.23737,Rumah Tinggal,1
182,SDI-C45-045,-5.552621,105.237223,Rumah Tinggal,1
183,SDI-C46-046,-5.552677,105.237012,Rumah Tinggal,1
184,SDI-C47-047,-5.552428,105.237108,Rumah Tinggal,1
185,SDI-C48-048,-5.552493,105.236874,Rumah Tinggal,1
186,SDI-C49-049,-5.552345,105.237008,Rumah Tinggal,1
187,SDI-C50-050,-5.552157,105.236966,Rumah Tinggal,1
188,SDI-C52-052,-5.552074,105.236654,Rumah Tinggal,1
189,SDI-C53-053,-5.552005,105.236856,Rumah Tinggal,1
190,SDI-C56-056,-5.551803,105.236819,Rumah Tinggal,1
191,SDI-C57-057,-5.551987,105.236521,Rumah Tinggal,1
192,SDI-C58-058,-5.551647,105.236447,Rumah Tinggal,1
193,SDI-C59-059,-5.551867,105.236448,Rumah Tinggal,1
194,Blok C (SDI-C63-063),-5.551369,105.23455,Rumah Tinggal,1
195,Blok C (SDI-C64-064),-5.551539,105.234301,Rumah Tinggal,1
196,Blok C (SDI-C65-065),-5.551571,105.234275,Rumah Tinggal,1
197,Blok C (SDI-C66-066),-5.551557,105.234102,Rumah Tinggal,1
198,Blok C (SDI-C67-067),-5.551622,105.233956,Rumah Tinggal,1
199,Blok C (SDI-C68-068),-5.551575,105.233746,Rumah Tinggal,1
200,Blok C (SDI-C69-069),-5.55161,105.23359,Rumah Tinggal,1
201,Blok C (SDI-C70-070),-5.551744,105.233558,Rumah Tinggal,1
202,Blok C (SDI-C71-071),-5.551709,105.233389,Rumah Tinggal,1
203,Blok C (SDI-C72-072),-5.551866,105.233387,Rumah Tinggal,1
204,Blok C (SDI-C73-073),-5.551834,105.233483,Rumah Tinggal,1
205,Blok C (SDI-C74-074),-5.551497,105.234223,Rumah Tinggal,1
206,Blok C (SDI-C75-075),-5.551289,105.234318,Rumah Tinggal,1
207,Blok C (SDI-C76-076),-5.553562,105.236242,Rumah Tinggal,1
208,Blok C (SDI-C78-078),-5.55345,105.235948,Rumah Tinggal,1
209,Blok C (SDI-C79-079),-5.553392,105.235904,Rumah Tinggal,1
210,Blok C (SDI-C80-080),-5.553311,105.23584,Rumah Tinggal,1
211,Blok C (SDI-C81-081),-5.553266,105.236129,Rumah Tinggal,1
212,Blok C (SDI-C83-083),-5.553525,105.236008,Rumah Tinggal,1
213,Blok C (SDI-C84-084),-5.553109,105.235854,Rumah Tinggal,2
214,Blok C (SDI-C85-085),-5.552924,105.235757,Rumah Tinggal,2
215,Blok C (SDI-C86-086),-5.552878,105.235629,Rumah Tinggal,1
216,Blok C (SDI-C89-089),-5.553629,105.236429,Rumah Tinggal,1
217,Blok C (SDI-C90-090),-5.553662,105.236497,Rumah Tinggal,1
218,Blok C (SDI-C91-091),-5.553462,105.236918,Rumah Tinggal,1
219,Blok C (SDI-C92-092),-5.553362,105.2368,Rumah Tinggal,1
220,Blok C (SDI-C93-093),-5.523323,105.236795,Rumah Tinggal,1
221,Blok C (SDI-C94-094),-5.553139,105.236691,Rumah Tinggal,1
222,Blok C (SDI-C95-095),-5.553149,105.236606,Rumah Tinggal,1
223,Blok C (SDI-C96-096),-5.553228,105.236458,Rumah Tinggal,1
224,Blok C (SDI-C97-097),-5.22292,105.236673,Rumah Tinggal,1
225,Blok C (SDI-C98-098),-5.552822,105.236721,Rumah Tinggal,1
226,Blok C (SDI-C99-099),-5.552976,105.236425,Rumah Tinggal,1
227,Blok C (SDI-C100-100),-5.552764,105.236524,Rumah Tinggal,1
228,Blok C (SDI-C101-101),-5.55262,105.236353,Rumah Tinggal,1
229,SDI-C104-104,-5.552383,105.235273,Rumah Tinggal,1
230,SDI-C105-105,-5.552295,105.235544,Rumah Tinggal,1
231,SDI-C106-106,-5.552396,105.235626,Rumah Tinggal,1
232,SDI-C107-107,-5.552199,105.235489,Rumah Tinggal,1
233,SDI-C108-108,-5.552806,105.235264,Rumah Tinggal,1
234,SDI-C109-109,-5.552829,105.235085,Rumah Tinggal,1
235,SDI-C110-110,-5.553123,105.235209,Rumah Tinggal,1
236,SDI-C111-111,-5.55316,105.235048,Rumah Tinggal,1
237,SDI-C112-112,-5.55322,105.234975,Rumah Tinggal,1
238,SDI-C113-113,-5.552875,105.234892,Rumah Tinggal,1
239,SDI-C114-114,-5.55333,105.234837,Rumah Tinggal,1
240,SDI-C116-116,-5.553454,105.235081,Rumah Tinggal,1
241,SDI-C117-117,-5.552719,105.23486,Rumah Tinggal,1
242,Blok D (SDI-D01-001),-5.553013,105.24185,Rumah Tinggal,1
243,Blok D (SDI-D02-002),-5.553114121,105.241918,Rumah Tinggal,1
244,Blok D (SDI-D03-003),-5.553242885,105.24195,Rumah Tinggal,1
245,Blok D (SDI-D04-004),-5.553242778,105.242271,Rumah Tinggal,1
246,Blok D (SDI-D05-005),-5.55394181,105.242354,Rumah Tinggal,1
247,Blok D (SDI-D06-006),-5.553840586,105.242487,Rumah Tinggal,1
248,Blok D (SDI-D07-007),-5.55344496,105.242803,Rumah Tinggal,1
249,Blok D (SDI-D08-008),-5.553789914,105.242735,Rumah Tinggal,1
250,Blok D (SDI-D09-009),-5.554176299,105.242547,Rumah Tinggal,1
251,Blok D (SDI-D10-010),-5.554249708,105.243074,Rumah Tinggal,1
252,Blok D (SDI-D11-011),-5.55408859,105.243524,Rumah Tinggal,1
253,Blok D (SDI-D12-012),-5.55408392,105.243735,Rumah Tinggal,1
254,Blok D (SDI-D13-013),-5.554631051,105.244208,Rumah Tinggal,1
255,Blok D (SDI-D14-014),-5.554746053,105.244134,Rumah Tinggal,1
256,Blok D (SDI-D15-015),-5.554746102,105.243988,Rumah Tinggal,1
257,Blok D (SDI-D16-016),-5.554488525,105.244075,Rumah Tinggal,1
258,Blok D (SDI-D17-017),-5.554810429,105.244166,Rumah Tinggal,1
259,Blok D (SDI-D18-018),-5.555109389,105.244107,Rumah Tinggal,1
260,Blok D (SDI-D19-019),-5.555109374,105.244153,Rumah Tinggal,1
261,Blok D (SDI-D20-020),-5.555072509,105.244368,Rumah Tinggal,1
262,Blok D (SDI-D22-022),-5.555274911,105.24424,Rumah Tinggal,1
263,Blok D (SDI-D23-023),-5.555339315,105.24419,Rumah Tinggal,1
264,Blok D (SDI-D24-024),-5.555196645,105.244483,Rumah Tinggal,1
265,Blok D (SDI-D25-025),-5.555371489,105.244249,Rumah Tinggal,1
266,Blok D (SDI-D26-026),-5.555343803,105.24452,Rumah Tinggal,1
267,Blok D (SDI-D27-027),-5.555569196,105.244405,Rumah Tinggal,1
268,Blok D (SDI-D28-028),-5.555674892,105.244653,Rumah Tinggal,1
269,Blok D (SDI-D29-029),-5.555720875,105.244676,Rumah Tinggal,1
270,Blok D (SDI-D30-030),-5.555661172,105.244424,Rumah Tinggal,1
271,Blok D (SDI-D31-031),-5.555937014,105.244727,Rumah Tinggal,1
272,Blok D (SDI-D32-032),-5.555854254,105.244658,Rumah Tinggal,1
273,Blok D (SDI-D33-033),-5.556171597,105.24464,Rumah Tinggal,1
274,Blok D (SDI-D35-035),-5.556498117,105.244681,Rumah Tinggal,1
275,Blok D (SDI-D36-036),-5.556622297,105.244667,Rumah Tinggal,1
276,SDI-D50-050,-5.553495,105.24085,Rumah Tinggal,1
277,SDI-D52-052,-5.553873,105.241016,Rumah Tinggal,1
278,SDI-D53-053,-5.553808,105.241094,Rumah Tinggal,1
279,Blok D (SDI-D37-037),-5.556797136,105.244447,Rumah Tinggal,1
280,SDI-D54-054,-5.553741,105.241097,Rumah Tinggal,1
281,Blok D (SDI-D38-038),-5.556824671,105.244621,Rumah Tinggal,1
282,Blok D (SDI-D39-039),-5.557049932,105.244901,Rumah Tinggal,1
283,SDI-D55-055,-5.5537,105.241315,Rumah Tinggal,1
284,Blok D (SDI-D40-040),-5.558066293,105.245003,Rumah Tinggal,1
285,Blok D (SDI-D41-041),-5.557445355,105.245191,Rumah Tinggal,1
286,Blok D (SDI-D42-042),-5.557233912,105.244851,Rumah Tinggal,1
287,Blok D (SDI-D43-043),-5.556787863,105.244667,Rumah Tinggal,1
288,Blok D (SDI-D44-044),-5.553408305,105.24239,Rumah Tinggal,1
289,Blok D (SDI-D45-045),-5.552649531,105.24217,Rumah Tinggal,2
290,Blok D (SDI-D46-046),-5.552534506,105.242312,Rumah Tinggal,1
291,Blok D (SDI-D47-047),-5.552396429,105.242629,Rumah Tinggal,1
292,Blok D (SDI-D48-048),-5.552327413,105.242716,Rumah Tinggal,1
293,SDI-D01-056,-5.554489,105.240337,Rumah Tinggal,2
294,SDI-D57-057,-5.554381,105.240221,Rumah Tinggal,1
295,SDI-D59-059,-5.553791,105.24054,Rumah Tinggal,1
296,SDI-D60-060,-5.553904,105.241163,Rumah Tinggal,1
297,SDI-D61-061,-5.553903,105.241164,Rumah Tinggal,1
298,SDI-D62-062,-5.554023,105.2413,Rumah Tinggal,1
299,SDI-D63-063,-5.554003,105.24129,Rumah Tinggal,1
300,SDI-D64-064,-5.553833,105.241503,Rumah Tinggal,1
301,SDI-D65-065,-5.554203,105.241318,Rumah Tinggal,1
302,SDI-D66-066,-5.554075,105.24128,Rumah Tinggal,1
303,BLOK D (SDI-D67-067),-5.554182,105.240078,Rumah Tinggal,1
304,BLOK D (SDI-D69-069),-5.554683,105.24041,Rumah Tinggal,1
305,BLOK D (SDI-D70-070),-5.554838,105.240846,Rumah Tinggal,1
306,BLOK D (SDI-D71-071),-5.554811,105.240907,Rumah Tinggal,1
307,BLOK D (SDI-D72-072),-5.554897,105.240587,Rumah Tinggal,1
308,BLOK D (SDI-D73-073),-5.555048,105.240708,Rumah Tinggal,1
309,BLOK D (SDI-D74-074),-5.554716,105.241056,Rumah Tinggal,1
310,BLOK D (SDI-D75-075),-5.554612,105.241172,Rumah Tinggal,1
311,Blok D (SDI-D78-078),-5.554491,105.241306,Rumah Tinggal,1
312,Blok D (SDI-D79-079),-5.554482,105.241329,Rumah Tinggal,1
313,Blok D (SDI-D80-080),-5.554378,105.241456,Rumah Tinggal,1
314,Blok D (SDI-D81-081),-5.554988,105.24074,Rumah Tinggal,1
315,Blok D (SDI-D82-082),-5.555002,105.240759,Rumah Tinggal,1
316,Blok D (SDI-D83-083),-5.555157,105.240808,Rumah Tinggal,1
317,Blok D (SDI-D84-084),-5.555124,105.240798,Rumah Tinggal,1
318,Blok D (SDI-D86-086),-5.555215,105.240861,Rumah Tinggal,1
319,Blok D (SDI-D88-088),-5.555378,105.24096,Rumah Tinggal,1
320,Blok D (SDI-D89-089),-5.555304,105.240913,Rumah Tinggal,1
321,Blok D (SDI-D90-090),-5.555425,105.241005,Rumah Tinggal,1
322,Blok D (SDI-D91-091),-5.555392,105.240974,Rumah Tinggal,1
323,Blok D (SDI-D92-092),-5.555602,105.241085,Rumah Tinggal,1
324,Blok D (SDI-D93-093),-5.555493,105.241021,Rumah Tinggal,1
325,Blok D (SDI-D94-094),-5.555734,105.241156,Rumah Tinggal,1
326,Blok D (SDI-D95-095),-5.555688,105.241129,Rumah Tinggal,1
327,Blok D (SDI-D96-096),-5.555564,105.241112,Rumah Tinggal,1
328,Blok D (SDI-D97-097),-5.555777,105.241179,Rumah Tinggal,1
329,Blok D (SDI-D98-098),-5.555777,105.241178,Rumah Tinggal,1
330,Blok D (SDI-D99-099),-5.555738,105.241161,Rumah Tinggal,1
331,Blok D (SDI-D100-100),-5.556175,105.241449,Rumah Tinggal,2
332,Blok D (SDI-D101-101),-5.556075,105.241404,Rumah Tinggal,1
333,Blok D (SDI-D102-102),-5.555945,105.241348,Rumah Tinggal,1
334,Blok D (SDI-D103-103),-5.556578,105.241755,Rumah Tinggal,1
335,Blok D (SDI-D105-105),-5.55629,105.241535,Rumah Tinggal,1
336,SDI-A68-068,-5.545808,105.227883,Rumah Tinggal,1
337,SDI-A69-069,-5.545427,105.228113,Rumah Tinggal,1
338,SDI-A70-070,-5.54566,105.227796,Rumah Tinggal,1
339,SDI-A71-071,-5.546319,105.227058,Rumah Tinggal,1
340,SDI-A72-072,-5.546466,105.22709,Rumah Tinggal,1
341,SDI-A75-075,-5.546788,105.226934,Rumah Tinggal,1
342,SDI-A76-076,-5.546636,105.227384,Rumah Tinggal,1
343,SDI-A77-077,-5.546618,105.22676,Rumah Tinggal,1
344,SDI-A78-078,-5.546715,105.226682,Rumah Tinggal,1
345,SDI-A79-079,-5.546775,105.226631,Rumah Tinggal,1
346,SDI-A81-081,-5.546913,105.226636,Rumah Tinggal,1
347,SDI-A86-086,-5.545096,105.2258,Rumah Tinggal,1
348,SDI-A87-087,-5.544981,105.225649,Rumah Tinggal,1
349,SDI-A88-088,-5.544692,105.22541,Rumah Tinggal,1
350,SDI-A90-090,-5.544012,105.225662,Rumah Tinggal,1
351,SDI-A91-091,-5.543771,105.225357,Rumah Tinggal,1
352,SDI-A92-092,-5.543884,105.225348,Rumah Tinggal,1
353,SDI-A93-093,-5.543979,105.224813,Rumah Tinggal,1
354,SDI-A94-094,-5.543852,105.22522,Rumah Tinggal,1
355,SDI-A96-096,-5.544666,105.227229,Rumah Tinggal,1
356,BLOK D (SDI-D106-106),-5.556824,105.241897,Rumah Tinggal,1
357,Blok D (SDI-D107-107),-5.55675,105.241859,Rumah Tinggal,1
358,Blok D (SDI-D108-108),-5.556644,105.241776,Rumah Tinggal,1
359,Blok D (SDI-D109-109),-5.557655,105.24219,Rumah Tinggal,1
360,Blok D (SDI-D111-111),-5.556967,105.241953,Rumah Tinggal,1
361,Blok D (SDI-D112-112),-5.556895,105.241942,Rumah Tinggal,1
362,Blok D (SDI-D113-113),-5.558196,105.242256,Rumah Tinggal,1
363,Blok D (SDI-D114-114),-5.558148,105.242243,Rumah Tinggal,1
364,Blok D (SDI-D115-115),-5.558052,105.242238,Rumah Tinggal,1
365,Blok D (SDI-D117-117),-5.55831,105.242273,Rumah Tinggal,1
366,Blok D (SDI-D118-118),-5.558293,105.242269,Rumah Tinggal,1
367,Blok D (SDI-D119-119),-5.5584,105.242285,Rumah Tinggal,1
368,Blok D (SDI-D120-120),-5.55834,105.242277,Rumah Tinggal,1
369,Blok D (SDI-D121-121),-5.558316,105.242273,Rumah Tinggal,1
370,Blok D (SDI-D122-122),-5.558534,105.242293,Rumah Tinggal,1
371,Blok D (SDI-D123-123),-5.55848,105.242282,Rumah Tinggal,1
372,Blok D (SDI-D124-124),-5.558449,105.242282,Rumah Tinggal,1
373,Blok D (SDI-D125-125),-5.558406,105.242286,Rumah Tinggal,1
374,Blok D (SDI-D126-126),-5.558731,105.242416,Rumah Tinggal,1
375,Blok C (SDI-C118-118),-5.551169,105.233382,Rumah Tinggal,1
376,Blok D (SDI-D127-127),-5.558719,105.242406,Rumah Tinggal,1
377,Blok C (SDI-C119-119),-5.550741,105.233492,Rumah Tinggal,1
378,Blok D (SDI-D128-128),-5.558644,105.242363,Rumah Tinggal,1
379,Blok D (SDI-D129-129),-5.558569,105.242292,Rumah Tinggal,1
380,Blok C (SDI-C120-120),-5.551947,105.231432,Rumah Tinggal,1
381,Blok D (SDI-D130-130),-5.558884,105.242163,Rumah Tinggal,1
382,Blok C (SDI-C121-121),-5.551837,105.231726,Rumah Tinggal,1
383,Blok D (SDI-D131-131),-5.558873,105.242214,Rumah Tinggal,1
384,Blok C (SDI-C122-122),-5.55197,105.231854,Rumah Tinggal,1
385,Blok D (SDI-D132-132),-5.558812,105.242265,Rumah Tinggal,1
386,Blok C (SDI-C123-123),-5.552297,105.231607,Rumah Tinggal,1
387,Blok C (SDI-C124-124),-5.552421,105.231708,Rumah Tinggal,1
388,Blok D (SDI-D134-134),-5.559258,105.242172,Rumah Tinggal,1
389,Blok C (SDI-C125-125),-5.552572,105.231754,Rumah Tinggal,1
390,Blok D (SDI-D135-135),-5.559005,105.242098,Rumah Tinggal,1
391,Blok D (SDI-D136-136),-5.55891,105.242107,Rumah Tinggal,1
392,Blok C (SDI-C126-126),-5.552499,105.232203,Rumah Tinggal,1
393,Blok D (SDI-D137-137),-5.558904,105.242124,Rumah Tinggal,1
394,Blok D (SDI-D139-139),-5.554301,105.240688,Rumah Tinggal,1
395,Blok C (SDI-C128-128),-5.552972,105.232387,Rumah Tinggal,1
396,Blok D (SDI-D140-140),-5.554327,105.241971,Rumah Tinggal,1
397,Blok C (SDI-C129-129),-5.553258,105.232181,Rumah Tinggal,1
398,Blok D (SDI-D141-141),-5.559473,105.242181,Rumah Tinggal,2
399,Blok C (SDI-C130-130),-5.553538,105.232401,Rumah Tinggal,1
400,Blok C (SDI-C131-131),-5.553602,105.232741,Rumah Tinggal,1
401,Blok C (SDI-C133-133),-5.552059,105.232882,Rumah Tinggal,1
402,Blok B (SDI-B96-096),-5.550323,105.231703,Rumah Tinggal,1
403,Blok B (SDI-B97-097),-5.551093,105.231298,Rumah Tinggal,1
404,Blok B (SDI-B98-098),-5.551036,105.231588,Rumah Tinggal,1
405,Blok B (SDI-B99-099),-5.551308,105.2314,Rumah Tinggal,2
406,Blok B (SDI-B100-100),-5.551478,105.231437,Rumah Tinggal,1
407,Blok B (SDI-B101-101),-5.551611,105.231129,Rumah Tinggal,1
408,Blok B (SDI-B102-102),-5.551497,105.230891,Rumah Tinggal,1
409,Blok B (SDI-C103-103),-5.551386,105.231106,Rumah Tinggal,1
410,Blok B (SDI-B104-104),-5.551423,105.230817,Rumah Tinggal,1
411,Blok B (SDI-B105-105),-5.551492,105.230689,Rumah Tinggal,1
412,Blok B (SDI-B106-106),-5.551345,105.230996,Rumah Tinggal,1
413,Blok B (SDI-B107-107),-5.551377,105.230615,Rumah Tinggal,1
414,Blok B (SDI-B109-109),-5.551299,105.230647,Rumah Tinggal,1
415,Blok B (SDI-B110-110),-5.551414,105.230482,Rumah Tinggal,1
416,Blok B (SDI-B111-111),-5.551216,105.230514,Rumah Tinggal,1
417,Blok B (SDI-B112-112),-5.551299,105.23079,Rumah Tinggal,1
418,Blok B (SDI-B113-113),-5.551198,105.23068,Rumah Tinggal,1
419,Blok B (SDI-B114-114),-5.551248,105.230895,Rumah Tinggal,1
420,Blok B (SDI-B115-115),-5.551198,105.230836,Rumah Tinggal,1
421,Blok B (SDI-B116-116),-5.546788,105.228843,Rumah Tinggal,1
422,Blok B (SDI-B117-117),-5.546576,105.228976,Rumah Tinggal,1
423,Blok B (SDI-B118-118),-5.546434,105.228953,Rumah Tinggal,1
424,Blok B (SDI-B119-119),-5.546296,105.228934,Rumah Tinggal,1
425,Blok B (SDI-B120-120),-5.546181,105.228838,Rumah Tinggal,1
426,Blok B (SDI-B121-121),-5.545932,105.228489,Rumah Tinggal,1
427,Blok B (SDI-B123-123),-5.546483,105.229168,Rumah Tinggal,1
428,Blok B (SDI-B124-124),-5.546332,105.229256,Rumah Tinggal,1
429,Blok B (SDI-B125-125),-5.546512,105.229265,Rumah Tinggal,1
430,Blok B (SDI-B126-126),-5.546709,105.229326,Rumah Tinggal,1
431,Blok B (SDI-B127-127),-5.546613,105.229398,Rumah Tinggal,1
432,Blok B (SDI-B128-128),-5.546484,105.230178,Rumah Tinggal,1
433,Blok B (SDI-B129-129),-5.545766,105.229967,Rumah Tinggal,1
434,Blok B (SDI-B130-130),-5.546213,105.228476,Rumah Tinggal,1
435,Blok B (SDI-B131-131),-5.546484,105.228411,Rumah Tinggal,1
436,Blok B (SDI-B132-132),-5.546576,105.228393,Rumah Tinggal,1
437,Blok B (SDI-B133-133),-5.546264,105.228232,Rumah Tinggal,1
438,Blok B (SDI-B133-133),-5.546112,105.228223,Rumah Tinggal,1
439,Blok B (SDI-B134-134),-5.54602,105.228154,Rumah Tinggal,1
440,Blok B (SDI-B135-135),-5.545873,105.228026,Rumah Tinggal,1
441,Blok B (SDI-B136-136),-5.545988,105.228017,Rumah Tinggal,1
442,Blok B (SDI-B137-137),-5.54608,105.227998,Rumah Tinggal,1
443,Blok B (SDI-B138-138),-5.54602,105.228154,Rumah Tinggal,1
444,Blok B (SDI-B139-139),-5.546245,105.227888,Rumah Tinggal,1
445,Blok B (SDI-B139-139),-5.546392,105.228044,Rumah Tinggal,1
446,Blok B (SDI-B140-140),-5.546512,105.228118,Rumah Tinggal,1
447,Blok B (SDI-B141-141),-5.546553,105.228145,Rumah Tinggal,1
448,Blok B (SDI-B142-142),-5.550135,105.229881,Rumah Tinggal,1
449,Blok B (SDI-B143-143),-5.550738,105.22945,Rumah Tinggal,1
450,Blok B (SDI-B144-144),-5.550867,105.229633,Rumah Tinggal,1
451,Blok B (SDI-B145-145),-5.550945,105.229785,Rumah Tinggal,1
452,Blok B (SDI-B146-146),-5.551184,105.229555,Rumah Tinggal,1
453,Blok B (SDI-147-147),-5.551318,105.229588,Rumah Tinggal,1
454,Blok B(SDI-B148-148),-5.551359,105.229711,Rumah Tinggal,1
455,Blok B (SDI-B149-149),-5.551318,105.229386,Rumah Tinggal,1
456,Blok B (SDI-B150-150),-5.551584,105.229413,Rumah Tinggal,1
457,Blok B (SDI-B151-151),-5.55152,105.229312,Rumah Tinggal,1
458,Blok B (SDI-B152-152),-5.551488,105.229138,Rumah Tinggal,1
459,Blok B (SDI-B153-153),-5.551382,105.228986,Rumah Tinggal,1
460,Blok B (SDI-B155-155),-5.551851,105.229312,Rumah Tinggal,1
461,Blok B (SDI-B156-156),-5.551704,105.229299,Rumah Tinggal,1
462,Blok B (SDI-B157-157),-5.551671,105.229178,Rumah Tinggal,1
463,Blok B (SDI-B158-158),-5.551635,105.229065,Rumah Tinggal,1
464,Blok B (SDI-B159-159),-5.551617,105.228922,Rumah Tinggal,1
465,Blok B (SDI-B160-160),-5.551529,105.228821,Rumah Tinggal,1
466,Blok B (SDI-B161-161),-5.551589,105.228688,Rumah Tinggal,1
467,Blok B (SDI-B162-162),-5.551654,105.228817,Rumah Tinggal,1
468,Blok B (SDI-B163-163),-5.551745,105.228959,Rumah Tinggal,1
469,Blok B (SDI-B164-164),-5.55187,105.229124,Rumah Tinggal,1
470,Blok B (SDI-B165-165),-5.551851,105.229312,Rumah Tinggal,1
471,Blok B (SDI-B166-166),-5.552003,105.228849,Rumah Tinggal,1
472,Blok B (SDI-B167-167),-5.551976,105.228647,Rumah Tinggal,1
473,Blok B (SDI-B168-168),-5.551999,105.228565,Rumah Tinggal,1
474,Blok B (SDI-B169-169),-5.551948,105.22845,Rumah Tinggal,1
475,Blok B (SDI-B170-170),-5.552845,105.228239,Rumah Tinggal,1
476,Blok B (SDI-B171-171),-5.552942,105.227922,Rumah Tinggal,1
477,Blok B (SDI-B172-172),-5.550258,105.228353,Rumah Tinggal,1
478,Blok C (SDI-C134-134),-5.553233,105.236795,Rumah Tinggal,1
479,Blok C (SDI-C135-135),-5.553139,105.236691,Rumah Tinggal,1
480,Blok C(SDI-C136-136),-5.553149,105.236606,Rumah Tinggal,1
481,Blok C (SDI-B137-137),-5.553228,105.236458,Rumah Tinggal,1
482,Blok C (SDI-C138-138),-5.55292,105.236673,Rumah Tinggal,1
483,Blok C (SDI-C139-139),-5.552822,105.236721,Rumah Tinggal,1
484,Blok C (SDI-C140-140),-5.552976,105.236425,Rumah Tinggal,1
485,Blok C (SDI-C141-141),-5.552764,105.236524,Rumah Tinggal,1
486,Blok C (SDI-C142-142),-5.55262,105.236353,Rumah Tinggal,1
487,Blok C (SDI-C143-143),-5.552405,105.236276,Rumah Tinggal,1
488,Blok C (SDI-C144-144),-5.552235,105.236303,Rumah Tinggal,1
489,Blok C (SDI-C145-145),-5.552215,105.236685,Rumah Tinggal,1
490,Blok C(SDI-C146-146),-5.552394,105.23642,Rumah Tinggal,1
491,Blok C (SDI-C147-147),-5.552406,105.235281,Rumah Tinggal,1
492,Blok C (SDI-C148-148),-5.551202,105.233993,Rumah Tinggal,1
493,Blok B(SDI-B174-174),-5.551222,105.233909,Rumah Tinggal,1
494,Blok B (SDI-B175-175),-5.551186,105.233895,Rumah Tinggal,2
495,Blok B (SDI-B176-176),-5.551346,105.233749,Rumah Tinggal,1
496,Blol B (SDI-B177-177),-5.551095,105.233679,Rumah Tinggal,1
497,Blok B (SDI-B178-178),-5.551067,105.233623,Rumah Tinggal,1
498,Blok B (SDI-B179-179),-5.55096,105.233677,Rumah Tinggal,1
499,Blok B (SDI-B180-180),-5.55102,105.233364,Rumah Tinggal,1
500,Blok B (SDI-B181-181),-5.551046,105.233412,Rumah Tinggal,1
501,Blok B (SDI-B182-182),-5.551161,105.233263,Rumah Tinggal,1
502,Blok B (SDI-B183-183),-5.550887,105.233368,Rumah Tinggal,1
503,Blok B-(SDI-B184-184),-5.550895,105.233524,Rumah Tinggal,1
504,Blok B (SDI-B186-186),-5.550905,105.23347,Rumah Tinggal,1
505,SDI-C06-006,-5.552477,105.234672,Rumah Tinggal dan Warung,2
506,SDI-C33-033,-5.554043,105.236494,Rumah Tinggal dan Warung,1
507,SDI-B42-042,-5.547086,105.229265,Rumah Tinggal dan Warung,2
508,SDI-C102-102,-5.554043,105.236494,Rumah Tinggal dan Warung,1
509,SDI-C103-103,-5.552488,105.235333,Rumah Tinggal dan Warung,1
510,SDI-C115-115,-5.553133,105.234741,Rumah Tinggal dan Warung,1
511,SDI-A40-040,-5.544025,105.225011,Rumah tinggal dan Warung,1
512,Blok D (SDI-D85-085),-5.555287,105.2409,rumah tinggal dan warung,1
513,SDI-D10-010,-5.5543,105.24,Komersial,1
514,Blok D (SDI-D104-104),-5.556358,105.241564,Komersial,1
515,SDI-B38-038,-5.547045,105.22949,Penginapan,1
516,SDI-A07-007,-5.544995,105.227337,Toko/Warung,1
517,SDI-C25-025,-5.551725,105.235019,Toko/Warung,1
518,SDI-B01-001,-5.54595444,105.228396,Toko/Warung,1
519,SD1-B03-003,-5.547013387,105.229246,Toko/Warung,1
520,SDI-D04-004,-5.55288,105.242,Toko/Warung,2
521,SDI-D05-005,-5.55138,105.2437,Toko/Warung,1
522,SDI-B04–004,-5.548437055,105.229407,Toko/Warung,1
523,SDI-D06-006,-5.55193,105.243,Toko/Warung,1
524,SDI-B07-007,-5.549170494,105.229941,Toko/Warung,1
525,SDI-D11-011,-5.55403,105.2401,Toko/Warung,1
526,SDI-D12-012,-5.55373,105.2411,Toko/Warung,1
527,SDI-B37-037,-5.547233,105.229465,Toko/Warung,1
528,SDI-B44-044,-5.546742,105.229325,Toko/Warung,1
529,SDI-C38-038,-5.553008,105.237412,Toko/Warung,1
530,SDI-C54-054,-5.551955,105.236787,Toko/Warung,1
531,SDI-C55-055,-5.551891,105.236748,Toko/Warung,1
532,Blok C (SDI-C82-082),-5.553345,105.236064,Toko/Warung,1
533,Blok C (SDI-C88-088),-5.553713,105.236275,Toko/Warung,1
534,SDI-D49-049,-5.553709,105.240482,Toko/Warung,1
535,Blok D (SDI-D34-034),-5.556327956,105.244667,Toko/Warung,1
536,SDI-D51-051,-5.553436,105.240666,Toko/Warung,1
537,Blok D (SDI-D76-076),-5.554582,105.24121,Toko/Warung,1
538,SDI-D77-077,-5.554578,105.241217,Toko/Warung,1
539,Blok D (SDI-D133-133),-5.558723,105.242296,Toko/Warung,1
540,Blok D (SDI-D138-138),-5.5543,105.240685,Toko/Warung,1
541,SDI-D58-058,-5.554567,105.240366,TPQ,1
542,SDI-A17-017,-5.544599,105.225658,Tempat Ibadah,1
543,SDI-D01-001,-5.55774,105.2517,Tempat Ibadah,1
544,SDI-D02-002,-5.55821,105.2423,Tempat Ibadah,1
545,SDI-D03-003,-5.55511,105.2442,Tempat Ibadah,1
546,SDI-B06-006,-5.549192553,105.229715,Tempat Ibadah,1
547,SDI-A36-036,-5.544209,105.225222,Tempat Ibadah,1
548,SDI-C61-061,-5.551476,105.236512,Tempat Ibadah,1
549,Blok D (SDI-D21-021),-5.555021956,105.244258,Tempat Ibadah,1
550,Blok D (SDI-D116-116),-5.558048,105.242235,Tempat Ibadah,1
551,Blok B (SDI-B122-122),-5.546346,105.229077,Tempat Ibadah,1
552,Blok B (SDI-B154-154),-5.551355,105.22878,Tempat Ibadah,1
553,SDI-D07-007,-5.55268,105.2419,Sekolah,1
554,SDI-D09-009,-5.55451,105.2402,Sekolah,1
555,SDI-C60-060,-5.55143,105.236695,Sekolah,1
556,BLOK D (SDI-D68-068),-5.554434,105.240306,Sekolah,1
557,SD1-B02-002,-5.547055571,105.229098,Fasilitas Kesehatan,1
558,SDI-B45-045,-5.547214,105.228799,Fasilitas Kesehatan,1
559,Blok D (SDI-D87-087),-5.555206,105.240851,Gedung Sekretariat / Bangunan Komunitas,2
560,SDI-D08-008,-5.55533,105.2409,Kantor,2
561,Blok C (SDI-C87-087),-5.553774,105.23625,Pelayanan Umum,1
562,SDI-A02-002,-5.545188,105.227677,Gudang,1
563,SDI-A10-010,-5.544944,105.226626,Gudang,2
564,SDI-A22-022,-5.544457,105.225428,Gudang,1
565,SDI-A34-034,-5.544379,105.225135,Gudang,1
566,SDI-C31-031,-5.55156,105.234653,Gudang,1
567,SDI-B05-005,-5.550287,105.232324,Gudang,1
568,SDI-C43-043,-5.552819,105.237109,Gudang,1
569,Blok D (SDI-D110-110),-5.55755,105.242186,Gudang,2
570,Blok B (SDI-B95-095),-5.550714,105.232405,Gudang,1
571,SDI-A95-095,-5.543884,105.225124,Kandang Ayam,1
572,Blok A (SDI-A01-064),-5.544057,105.224276,Kandang Kambing,1
573,SDI-A73-073,-5.546416,105.227168,Kandang Kambing,1
574,SDI-A74-074,-5.546595,105.227039,Kandang Kambing,1
575,SDI-A80-080,-5.546816,105.22675,Kandang Kambing,1
576,SDI-A89-089,-5.544088,105.225452,Kandang Kambing,1
577,Blok C (SDI-C127-127),-5.552738,105.232483,Kandang Kambing,1
578,Blok C (SDI-C132-132),-5.552247,105.232675,Kandang Kambing,1
579,SDI-C28-028,-5.551462,105.235213,Kandang Ternak,1
580,SDI-A38-038,-5.544269,105.224992,Kandang ternak,1
581,Blok C (SDI-C77-077),-5.55376,105.236104,Peternakan,1
582,Blok B (SDI-B108-108),-5.551989,105.230707,Pabrik,1
583,Blok A (SDI-A01-063),-5.544264,105.224345,Tandon air beton,1
584,Blok A (SDI-A01-067),-5.548091,105.224268,Gazebo,1
585,SDI-A83-083,-5.548049,105.223855,Gazebo,1
586,SDI-A84-084,-5.548238,105.223759,Gazebo,1
587,SDI-C62-062,-5.55155,105.236847,Parkiran motor,1
588,SDI-C51-051,-5.552244,105.236773,Rumah Kosong Hancur,1
589,SDI-A82-082,-5.547191,105.225958,Gubuk,1
